step,G_total,G_gan_AB,G_gan_BA,cycle,identity,D_A,D_B,D_A_real,D_A_fake,D_B_real,D_B_fake,gnorm_G,gnorm_D,lr
50,6.818506202697754,0.7688812649250031,0.769239935874939,0.6600481295585632,1.219306230545044,0.6975125026702881,0.6951466155052185,0.52501953125,0.483798828125,0.5218115234375,0.4836083984375,inf,3.698315134048462,0.0002
100,5.522655506134033,0.7155725741386414,0.7414773094654084,0.5082006984949112,1.1871740818023682,0.6633579301834106,0.6586685860157013,0.5307421875,0.4706640625,0.5321728515625,0.465458984375,12.681429920196534,3.624450097084045,0.0002
150,5.362773752212524,0.7107943975925446,0.7091950714588166,0.4928480362892151,1.511361837387085,0.6667388033866882,0.6673846876621247,0.52759765625,0.4715380859375,0.5289208984375,0.471591796875,14.766754379272461,3.3254500222206116,0.0002
200,5.288045101165771,0.740279450416565,0.731841207742691,0.4769905525445938,1.2561538219451904,0.6551051902770996,0.6595332872867584,0.5357666015625,0.4660888671875,0.5365869140625,0.4664697265625,16.213530406951904,3.9044746351242066,0.0002
250,4.961883592605591,0.7295417749881744,0.7239889419078827,0.43854410767555235,1.4356355667114258,0.6675134563446045,0.6630568087100983,0.5279541015625,0.4713818359375,0.5292919921875,0.4690478515625,14.358028917312621,3.5844029116630556,0.0002
300,4.710529294013977,0.7483366441726684,0.7211829310655594,0.4051262140274048,1.1242051124572754,0.6798154664039612,0.6577785515785217,0.5203662109375,0.4803369140625,0.5395703125,0.47142578125,12.754993724822999,3.760535969734192,0.0002
350,4.413106746673584,0.7679885935783386,0.7337157273292542,0.3639253008365631,1.362621545791626,0.6637781274318695,0.6537082624435425,0.5294921875,0.4732861328125,0.534248046875,0.46232421875,13.700942754745483,3.761749391555786,0.0002
400,3.978058648109436,0.7502085775136947,0.6983011996746064,0.31619360744953157,1.7200857400894165,0.6703611660003662,0.6627653884887695,0.5290869140625,0.4724365234375,0.53421875,0.4661962890625,10.654006729125976,4.277332110404968,0.0002
450,3.8951968717575074,0.7871021795272827,0.7100984418392181,0.2997495284676552,1.6723722219467163,0.6686942589282989,0.6511967778205872,0.5320263671875,0.4788525390625,0.5402197265625,0.460244140625,10.80490930557251,4.156898508071899,0.0002
500,3.830150694847107,0.7667385768890381,0.7128810811042786,0.2938163819909096,1.6244332790374756,0.6599755203723907,0.6512716341018677,0.5326416015625,0.471513671875,0.5355615234375,0.460830078125,9.97666591644287,4.273442220687866,0.0002
550,3.791856369972229,0.7690212643146515,0.7350559937953949,0.2859723925590515,1.5709476470947266,0.6569481372833252,0.6418794763088226,0.537197265625,0.4667822265625,0.54087890625,0.45703125,9.21075306892395,4.466965451240539,0.0002
600,3.5993320512771607,0.7632075029611588,0.7403766167163849,0.26196849048137666,1.5340638160705566,0.6505515098571777,0.635774953365326,0.5372900390625,0.468525390625,0.5474267578125,0.4494189453125,9.057141799926757,4.912397246360779,0.0002
650,3.701352524757385,0.7643458712100982,0.7277167129516602,0.27616124391555785,1.297602891921997,0.6589890444278717,0.656512372493744,0.53416015625,0.4672998046875,0.5390966796875,0.4589111328125,9.332739305496215,5.491143708229065,0.0002
700,3.699605975151062,0.7687234139442444,0.7403928470611573,0.2738112112879753,1.1855816841125488,0.6394806694984436,0.6396109956502914,0.5463525390625,0.456337890625,0.5396630859375,0.44486328125,9.612446489334106,5.640676765441895,0.0002
750,3.67595974445343,0.7580496960878372,0.7150181883573532,0.2753614807128906,2.3068196773529053,0.6626449060440064,0.669093463420868,0.53146484375,0.4665625,0.5337060546875,0.4739990234375,9.133523998260499,4.807635035514831,0.0002
800,3.4931765270233153,0.716564245223999,0.6994694823026657,0.2596428495645523,1.7764296531677246,0.660492947101593,0.6613147354125977,0.5360595703125,0.4623974609375,0.524990234375,0.4581787109375,9.448932304382325,5.220569577217102,0.0002
850,3.416991100311279,0.7406283664703369,0.689045968055725,0.24841459542512895,1.2446774244308472,0.6470016121864319,0.6579182910919189,0.54048828125,0.4607275390625,0.5377294921875,0.466162109375,9.501090240478515,4.9870908737182615,0.0002
900,3.3712992238998414,0.7677780830860138,0.706648206114769,0.23710911720991135,1.6219547986984253,0.6711467480659485,0.6609441041946411,0.5312158203125,0.473271484375,0.5353564453125,0.4646875,9.547554206848144,5.681611580848694,0.0002
950,3.2571288776397704,0.7307329320907593,0.7233225953578949,0.22538416624069213,1.1860289573669434,0.6570654606819153,0.6715676826238632,0.530771484375,0.470771484375,0.52966796875,0.4772216796875,8.370470204353332,4.917353219985962,0.0002
1000,3.270641393661499,0.7540273308753968,0.6974915784597396,0.22739031106233598,1.2865151166915894,0.657512366771698,0.6747740656137466,0.5367919921875,0.4645703125,0.520625,0.475634765625,7.92623929977417,5.507180194854737,0.0002
1050,3.2932727003097533,0.7815114080905914,0.7165273928642273,0.2244042408466339,1.3926947116851807,0.6584332537651062,0.625284726023674,0.5327099609375,0.465693359375,0.5486474609375,0.4477490234375,8.144620609283447,5.349376258850097,0.0002
1100,3.1670868253707884,0.735527857542038,0.6784585523605347,0.21913755148649217,1.3777291774749756,0.63619424700737,0.6812593841552734,0.5409912109375,0.4565478515625,0.5231591796875,0.47712890625,7.82770938873291,5.438568854331971,0.0002
1150,3.232750587463379,0.7544517135620117,0.7373644536733628,0.21761680275201797,1.3718032836914062,0.6584781777858734,0.6611418747901916,0.5372705078125,0.4687841796875,0.53296875,0.46666015625,7.8786192226409915,5.528118839263916,0.0002
1200,3.2066006469726562,0.7467996037006378,0.6528280824422836,0.22587162137031555,1.8614294528961182,0.6648341894149781,0.6576081544160843,0.531845703125,0.47388671875,0.534052734375,0.468720703125,8.060648641586305,5.248039793968201,0.0002
1250,3.260586633682251,0.7642772626876831,0.6813399851322174,0.22687117606401444,1.2965028285980225,0.6509403717517853,0.664999806880951,0.533427734375,0.46087890625,0.5230126953125,0.465517578125,7.731055774688721,5.172264947891235,0.0002
1300,3.0810746431350706,0.7298734909296036,0.6565381342172623,0.2118328791856766,1.7832673788070679,0.679297753572464,0.6532994133234024,0.52212890625,0.481630859375,0.538056640625,0.463203125,7.810329208374023,5.294757237434387,0.0002
1350,3.1974725246429445,0.7432163822650909,0.6606265467405319,0.22420369923114777,2.077700614929199,0.6669694989919662,0.6627837991714478,0.529462890625,0.47530517578125,0.52916015625,0.4644873046875,8.06088975906372,5.639234886169434,0.0002
1400,3.188182053565979,0.7419439280033111,0.6655140417814255,0.22259051114320755,1.6706874370574951,0.6590829706192016,0.6779879629611969,0.52990234375,0.46986328125,0.5274365234375,0.474091796875,7.499760537147522,5.629268546104431,0.0002
1450,3.0796793699264526,0.7592370122671127,0.6145197027921676,0.21324033051729202,1.4758331775665283,0.6760960084199905,0.653602723479271,0.5254345703125,0.4773828125,0.5318505859375,0.4646826171875,8.019858779907226,5.2214258098602295,0.0002
1500,3.1296823120117185,0.769263671040535,0.6964036190509796,0.20800187647342683,1.51198410987854,0.6605874752998352,0.6507994985580444,0.5256005859375,0.4690087890625,0.5392138671875,0.4514208984375,8.191552524566651,5.491768937110901,0.0002
1550,3.1174273014068605,0.7549805676937104,0.6646013134717941,0.2122306790947914,1.5790784358978271,0.6670300656557083,0.6370002788305282,0.522294921875,0.4743701171875,0.5441015625,0.4536279296875,8.094510974884033,5.121850385665893,0.0002
1600,2.9969168519973755,0.7203062742948532,0.7000894737243653,0.19706513583660126,1.573687195777893,0.6748995542526245,0.6725208163261414,0.5202490234375,0.4752001953125,0.5281640625,0.4744482421875,7.950339956283569,5.0222114562988285,0.0002
1650,3.080955958366394,0.7708990848064423,0.6664101827144623,0.20545583814382554,1.809088945388794,0.6945730435848236,0.6723712623119354,0.509306640625,0.487666015625,0.5253955078125,0.4654345703125,8.06482211112976,4.990550961494446,0.0002
1700,3.0528267288208006,0.7434390825033188,0.6817412251234054,0.20345580369234084,1.6431134939193726,0.6869624853134155,0.6588499647378921,0.517666015625,0.4916015625,0.5315234375,0.4652734375,8.027569484710693,4.70323540687561,0.0002
1750,3.0068906259536745,0.7308215695619583,0.6963708353042602,0.19746227711439132,1.3255763053894043,0.6689118158817291,0.6577479428052903,0.522734375,0.4803125,0.5343359375,0.4627734375,7.937960767745972,4.862227878570557,0.0002
1800,3.099319543838501,0.7507684087753296,0.7053175151348114,0.20540420174598695,1.4878647327423096,0.6791656613349915,0.6540448153018952,0.516328125,0.4800341796875,0.5374169921875,0.4625732421875,8.103358459472656,5.117730774879456,0.0002
1850,2.9866789102554323,0.744820853471756,0.6605773437023162,0.19766008973121643,1.3123301267623901,0.6860168671607971,0.6867780005931854,0.5177001953125,0.489716796875,0.509873046875,0.47529296875,7.981273984909057,5.021095995903015,0.0002
1900,3.0466122579574586,0.783115975856781,0.6989529055356979,0.19556792169809342,1.0944864749908447,0.6728532183170318,0.635293391942978,0.5218701171875,0.478271484375,0.54548828125,0.4530029296875,8.497438220977783,4.643952884674072,0.0002
1950,2.980021743774414,0.7528015273809433,0.7118738240003586,0.1894183012843132,1.1807252168655396,0.6563735908269882,0.6744284558296204,0.52939453125,0.4650634765625,0.5334375,0.466513671875,8.094024362564086,5.2109982204437255,0.0002
2000,2.993378772735596,0.7452554893493653,0.6827460241317749,0.19567215651273728,1.3782833814620972,0.6885049486160278,0.6565385460853577,0.513134765625,0.487880859375,0.529580078125,0.46736328125,8.481458578109741,4.541358766555786,0.0002
2050,3.0620343828201295,0.7674056512117385,0.6970180535316467,0.19970133543014526,1.1216931343078613,0.6734234899282455,0.6662926936149597,0.5239599609375,0.4788427734375,0.5297216796875,0.467861328125,inf,inf,0.0002
2100,2.9936492824554444,0.7388197648525238,0.6808485811948777,0.19674761593341827,1.215793251991272,0.6736311447620392,0.6695275163650513,0.519248046875,0.48169921875,0.52470703125,0.469111328125,8.613956599235534,4.870337347984314,0.0002
2150,3.118321347236633,0.7279976361989975,0.7090733104944229,0.21015629917383194,0.8885895609855652,0.6883305251598358,0.6687189912796021,0.510595703125,0.4832861328125,0.529453125,0.4756396484375,8.017487125396729,5.199666891098023,0.0002
2200,2.926836724281311,0.7354246813058853,0.6915459495782852,0.18748326271772384,1.7270234823226929,0.6731646990776062,0.6459244644641876,0.52416015625,0.485576171875,0.5394873046875,0.4533251953125,8.328854274749755,5.141923546791077,0.0002
2250,2.9810677337646485,0.7053095895051956,0.6756840908527374,0.200009256452322,1.0692130327224731,0.6697144711017609,0.685158566236496,0.518564453125,0.476552734375,0.5152734375,0.476865234375,7.775552563667297,4.520699343681335,0.0002
2300,2.966109347343445,0.7592095947265625,0.6750077718496322,0.19148649781942367,1.323662281036377,0.6770585393905639,0.6645267236232758,0.5185302734375,0.4820361328125,0.5230029296875,0.46595703125,7.875930533409119,4.6457763242721555,0.0002
2350,3.105020442008972,0.7393848145008087,0.6636491858959198,0.21274830520153046,1.3004206418991089,0.6898460900783538,0.6582961177825928,0.51400390625,0.4856640625,0.53271484375,0.463095703125,9.399876222610473,5.180207762718201,0.0002
2400,3.023186297416687,0.7337027674913407,0.70448954641819,0.19812424689531327,1.379286289215088,0.6832864332199097,0.6620688849687576,0.516923828125,0.4889404296875,0.532001953125,0.468818359375,8.530189938545227,4.879887599945068,0.0002
2450,2.863474485874176,0.7274448078870773,0.6828918242454529,0.18164223283529282,1.5668070316314697,0.6675860452651977,0.6699011480808258,0.5242724609375,0.477275390625,0.5282275390625,0.472919921875,8.677585039138794,4.699860482215882,0.0002
2500,2.9202152156829833,0.7466403335332871,0.7089162528514862,0.18308232724666595,1.2960071563720703,0.6672361671924592,0.6677448552846909,0.5274560546875,0.4679638671875,0.528212890625,0.4702099609375,8.355471343994141,5.558803524971008,0.0002
2550,2.905684266090393,0.7300519603490829,0.7097031474113464,0.18324114441871642,1.9765390157699585,0.6621479654312133,0.6657978808879852,0.527705078125,0.480107421875,0.5228173828125,0.4692138671875,7.829991483688355,4.564724354743958,0.0002
2600,2.9370106792449953,0.7343750607967376,0.6909839260578156,0.1889564624428749,1.476203203201294,0.6800353479385376,0.6606322419643402,0.5183935546875,0.4838134765625,0.5232275390625,0.4672509765625,8.085676879882813,4.431571154594422,0.0002
2650,2.971640901565552,0.7278620785474778,0.7149286764860153,0.19110626995563507,1.4695875644683838,0.6675779736042022,0.6634313845634461,0.5217138671875,0.4751025390625,0.5310595703125,0.4730322265625,inf,5.27003559589386,0.0002
2700,2.958409571647644,0.7449198180437088,0.7208406138420105,0.18658114314079285,1.9740474224090576,0.6777485120296478,0.6638267147541046,0.5208154296875,0.4790771484375,0.527841796875,0.467841796875,7.713706769943237,5.113184728622437,0.0002
2750,2.9982080459594727,0.7486815518140792,0.7032591962814331,0.193283411860466,1.751044511795044,0.6764570558071137,0.6563250106573105,0.5250390625,0.48388671875,0.534130859375,0.4703271484375,7.903095335960388,4.841591362953186,0.0002
2800,2.9394956970214845,0.7358288383483886,0.6986263656616211,0.18813006311655045,1.1209264993667603,0.6949408429861069,0.6560745453834533,0.508681640625,0.488837890625,0.529697265625,0.4618896484375,8.026106061935424,5.287647294998169,0.0002
2850,2.9644895696640017,0.7600516891479492,0.7117906671762466,0.18658089965581895,1.5816371440887451,0.6760465133190156,0.6319750100374222,0.521103515625,0.4855419921875,0.5447412109375,0.4551416015625,7.715654897689819,4.866634912490845,0.0002
2900,3.057707986831665,0.7908971601724625,0.7193297612667083,0.193435135781765,1.9240715503692627,0.6815651345252991,0.642044523358345,0.5112890625,0.48259765625,0.5400390625,0.453388671875,8.989657325744629,5.2998811054229735,0.0002
2950,2.9371373319625853,0.8127388226985931,0.6678154408931732,0.18207288563251495,1.6687589883804321,0.6506026703119278,0.6415607392787933,0.5387060546875,0.4750927734375,0.53873046875,0.44734375,8.595962924957275,5.388321022987366,0.0002
3000,3.01582603931427,0.7930956995487213,0.68248055934906,0.19253122180700302,2.038992404937744,0.6928502345085144,0.6536092948913574,0.5064501953125,0.4821435546875,0.5409326171875,0.4569140625,9.334670343399047,5.75511561870575,0.0002
3050,2.978812699317932,0.7529884868860245,0.7253972017765045,0.18755337685346604,1.458893060684204,0.6710057926177978,0.6402938324213028,0.518330078125,0.478837890625,0.53958984375,0.44806640625,8.261666564941406,5.430825171470642,0.0002
3100,2.873131260871887,0.7087857609987259,0.7023845839500428,0.18274511367082596,2.027184247970581,0.6914357960224151,0.6750389385223389,0.514619140625,0.4912939453125,0.535126953125,0.4764697265625,8.951846704483032,5.295947074890137,0.0002
3150,2.9768641281127928,0.7504630917310715,0.7359478014707566,0.1863066554069519,1.3691785335540771,0.656529124379158,0.651278669834137,0.529921875,0.47146484375,0.53283203125,0.4599169921875,9.614733791351318,4.905127472877503,0.0002
3200,2.918498911857605,0.7401879042387008,0.7123913049697876,0.18323996230959894,1.600290298461914,0.6761198788881302,0.6384384769201279,0.519423828125,0.47447265625,0.549765625,0.461103515625,9.062170324325562,5.026992616653442,0.0002
3250,3.01026490688324,0.7664203637838364,0.7171510618925094,0.19083668768405915,1.2490642070770264,0.6732659196853638,0.6619770067930222,0.5236474609375,0.4787158203125,0.5334912109375,0.4628759765625,9.317832307815552,inf,0.0002
3300,2.8618909072875978,0.7117660468816758,0.6869251346588134,0.18289996504783632,1.9480198621749878,0.668047399520874,0.6524862015247345,0.5283349609375,0.4760009765625,0.5325439453125,0.457216796875,8.756710605621338,5.310487928390503,0.0002
3350,2.9090040254592897,0.7497281247377395,0.7129006087779999,0.18079691171646117,1.9074792861938477,0.6776352405548096,0.6629655194282532,0.52392578125,0.4820654296875,0.5326171875,0.470341796875,8.506316175460816,5.320904560089112,0.0002
3400,2.966826500892639,0.7407923865318299,0.7396456050872803,0.18579856365919112,1.924495816230774,0.6685919404029846,0.6490003561973572,0.5171240234375,0.4701416015625,0.5432373046875,0.4641796875,8.702653732299805,5.576429471969605,0.0002
3450,2.932197766304016,0.7766936594247817,0.6890257203578949,0.18330980002880096,1.959517478942871,0.6937285876274109,0.6514618134498597,0.510634765625,0.4921826171875,0.5440087890625,0.4502685546875,8.503510980606078,5.716064038276673,0.0002
3500,2.9617227029800417,0.7498192572593689,0.7048614537715912,0.18838024973869325,1.4148856401443481,0.6694501572847367,0.6524987435340881,0.526982421875,0.477607421875,0.5328564453125,0.4621435546875,8.614707808494568,5.446435179710388,0.0002
3550,2.938714737892151,0.7245409631729126,0.7054196071624755,0.18859427094459533,1.5252301692962646,0.675905659198761,0.6523059159517288,0.518994140625,0.4832568359375,0.5407763671875,0.4670849609375,8.274778356552124,5.376028742790222,0.0002
3600,3.004077658653259,0.7711924427747726,0.7280299174785614,0.1881069102883339,2.0588464736938477,0.6897347450256348,0.6317808222770691,0.5117626953125,0.4868505859375,0.5481640625,0.44853515625,8.285230503082275,5.24701916217804,0.0002
3650,2.927544174194336,0.7674082547426224,0.6714693516492843,0.18608331978321074,1.5792039632797241,0.6682114934921265,0.6585270792245865,0.524033203125,0.4772509765625,0.532373046875,0.4641845703125,9.120661478042603,5.615106859207153,0.0002
3700,2.888812928199768,0.7177751845121384,0.7237115091085434,0.18091578036546707,2.0379815101623535,0.6887619936466217,0.6595871484279633,0.5066357421875,0.48314453125,0.528994140625,0.466884765625,9.37167646408081,5.241838254928589,0.0002
3750,2.8769275665283205,0.7582004255056382,0.6839822494983673,0.17934311002492906,1.6910507678985596,0.6863882100582123,0.6277328020334244,0.516337890625,0.4947998046875,0.55169921875,0.4497314453125,9.00441442489624,5.482521920204163,0.0002
3800,2.937322039604187,0.7944175606966019,0.6871764379739761,0.18196600496768953,1.3317883014678955,0.6841464674472809,0.6520944374799729,0.510478515625,0.48576171875,0.5454638671875,0.4447607421875,8.658272819519043,5.704521350860595,0.0002
3850,2.938400616645813,0.7328148436546326,0.6936712026596069,0.18898932188749312,1.7667375802993774,0.6675857317447662,0.6670203852653503,0.51701171875,0.4739306640625,0.538212890625,0.47185546875,8.755505847930909,5.412471532821655,0.0002
3900,2.906943531036377,0.7373998862504959,0.7260905587673188,0.18043163806200027,1.7076472043991089,0.6723315346240998,0.6349541568756103,0.5187451171875,0.478271484375,0.536279296875,0.4506103515625,8.841552557945251,5.023198246955872,0.0002
3950,2.910171070098877,0.7649907314777374,0.7053686344623565,0.1799764621257782,1.8388688564300537,0.6812791347503662,0.6474213993549347,0.515224609375,0.4826953125,0.547841796875,0.460498046875,7.857152247428894,5.024479246139526,0.0002
4000,2.887371792793274,0.7229160261154175,0.6803693020343781,0.18551080852746962,1.6693785190582275,0.6747927963733673,0.6858443665504456,0.5197314453125,0.4833349609375,0.514560546875,0.4777734375,8.833347778320313,5.161279664039612,0.0002
4050,2.865005278587341,0.7172790431976318,0.7022759705781937,0.1806812834739685,1.2807937860488892,0.6770981746912003,0.6425857681035996,0.5227685546875,0.48236328125,0.5467626953125,0.46044921875,8.506915092468262,5.32952910900116,0.0002
4100,2.9123767185211182,0.7708648729324341,0.7060825443267822,0.17942866206169128,1.3408195972442627,0.671130450963974,0.6346972966194153,0.5186767578125,0.483154296875,0.542099609375,0.4513623046875,8.26561222076416,5.011246485710144,0.0002
4150,2.9075945806503296,0.7510116386413574,0.678484536409378,0.18476230025291443,1.8355557918548584,0.6776284062862397,0.6571096110343934,0.5184423828125,0.4856591796875,0.5299951171875,0.460048828125,8.905718193054199,5.154518299102783,0.0002
4200,2.8505091190338137,0.7760137420892715,0.6786375498771667,0.17448223024606704,1.8650484085083008,0.6840500462055207,0.6489524757862091,0.517099609375,0.4911962890625,0.5401904296875,0.4579833984375,8.269463043212891,5.808548898696899,0.0002
4250,2.8711692810058596,0.7635991841554641,0.7158079290390015,0.1739702707529068,1.4234278202056885,0.675309282541275,0.6387144541740417,0.5166015625,0.4829931640625,0.5453173828125,0.451552734375,9.074650931358338,5.058773565292358,0.0002
4300,2.9368239212036134,0.7623439157009124,0.7051524209976197,0.1836659473180771,1.236292839050293,0.6719307458400726,0.6450149893760682,0.5192431640625,0.47677734375,0.539599609375,0.446396484375,8.99697943687439,5.871674761772156,0.0002
4350,2.9420182371139525,0.7431063908338547,0.7395927619934082,0.1824148863554001,1.8325881958007812,0.6756523013114929,0.6314860010147094,0.514326171875,0.4785498046875,0.5591796875,0.452109375,8.580396661758423,6.191279411315918,0.0002
4400,2.9544030141830446,0.7693647211790084,0.6969092166423798,0.18601613312959672,1.5235170125961304,0.6709000265598297,0.6851915150880814,0.5265966796875,0.477001953125,0.52626953125,0.471376953125,9.13145622253418,6.59788516998291,0.0002
4450,2.9260699415206908,0.7475250482559204,0.7069448465108872,0.18395000725984573,1.5622498989105225,0.6716894078254699,0.6152157938480377,0.5195361328125,0.4741357421875,0.5583837890625,0.437919921875,9.296454334259034,6.3692657136917115,0.0002
4500,2.8253529977798464,0.7157889080047607,0.7143241804838181,0.1744049894809723,2.200542449951172,0.6754445314407349,0.6705022346973419,0.5154443359375,0.474736328125,0.5380419921875,0.4681982421875,8.906553325653077,6.680153398513794,0.0002
4550,2.8078198623657227,0.7041538697481156,0.7047202312946319,0.17486821949481965,2.0020341873168945,0.6821790659427642,0.6701962149143219,0.519677734375,0.4886474609375,0.534599609375,0.470537109375,8.303495817184448,6.528860330581665,0.0002
4600,2.839332756996155,0.7373384189605713,0.6742657619714737,0.17846607252955438,1.4026808738708496,0.6767434668540955,0.6577467131614685,0.5146142578125,0.48248046875,0.528623046875,0.4651953125,8.255267219543457,5.172466444969177,0.0002
4650,2.919905619621277,0.7588151299953461,0.7075961428880692,0.18168679416179656,1.7014524936676025,0.6770183145999908,0.6174619060754776,0.5254833984375,0.4911083984375,0.5543701171875,0.4412158203125,8.743842496871949,5.039303050041199,0.0002
4700,2.7443253135681154,0.703593237400055,0.7223693811893463,0.16479533642530442,1.1152230501174927,0.6622719478607177,0.6596270042657852,0.525849609375,0.472021484375,0.5335498046875,0.4657666015625,8.532872676849365,5.785250205993652,0.0002
4750,2.8526784944534302,0.7698735296726227,0.7119368201494217,0.17135851979255676,1.4355382919311523,0.6719284701347351,0.6374345541000366,0.519140625,0.473505859375,0.541611328125,0.4524755859375,inf,5.568301496505737,0.0002
4800,2.921675992012024,0.753964546918869,0.7228107482194901,0.18061258435249328,1.6134963035583496,0.6823929321765899,0.6654488313198089,0.516865234375,0.4844384765625,0.530234375,0.4688037109375,7.946989860534668,5.677125759124756,0.0002
4850,2.8793259716033934,0.785061097741127,0.7122181552648544,0.17275584250688553,1.4112141132354736,0.6643811190128326,0.6184782373905182,0.52087890625,0.474306640625,0.55603515625,0.4439111328125,8.543574180603027,5.745704140663147,0.0002
4900,2.8584714460372926,0.7282543379068375,0.703060326576233,0.1783945995569229,1.55948805809021,0.6921188521385193,0.6414464801549912,0.5070166015625,0.48923828125,0.5463720703125,0.452431640625,8.452639017105103,6.039937071800232,0.0002
4950,2.8448908519744873,0.7720595473051071,0.7046488344669342,0.17102280661463737,1.471013069152832,0.6483082705736161,0.6249190831184387,0.5326611328125,0.468583984375,0.552060546875,0.4429150390625,9.30505859375,6.097694764137268,0.0002
5000,2.9133652687072753,0.8116079890727996,0.6779571723937988,0.17797501444816588,1.267592191696167,0.6756488859653473,0.624833019375801,0.5230224609375,0.4778955078125,0.55306640625,0.450048828125,8.265676755905151,6.354191608428955,0.0002
5050,2.9974841260910035,0.8304866892099381,0.7213158839941025,0.18071019306778907,1.2862613201141357,0.668899934887886,0.612144330739975,0.529560546875,0.47162353515625,0.5629345703125,0.4280029296875,9.455847883224488,6.612447152137756,0.0002
5100,2.8924752378463747,0.7576845836639404,0.7272953236103058,0.1759369157254696,1.3919343948364258,0.6864810931682587,0.6325096505880355,0.509326171875,0.478212890625,0.557333984375,0.43687744140625,8.73404468536377,7.169531626701355,0.0002
5150,2.8968671655654905,0.7522324371337891,0.7005192071199418,0.18051443815231324,1.358802318572998,0.6830182361602783,0.6808202397823334,0.5206787109375,0.4863720703125,0.53255859375,0.46556640625,8.817724485397338,6.653429269790649,0.0002
5200,2.8798392629623413,0.7565249639749527,0.7089249181747437,0.17679867446422576,1.5769070386886597,0.6787520754337311,0.6123736488819123,0.5129736328125,0.480361328125,0.56697265625,0.43724609375,8.70488172531128,6.022917504310608,0.0002
5250,2.8846732711791994,0.7976781815290451,0.6962540900707245,0.17384262442588805,1.6409645080566406,0.6694683492183685,0.6459519094228745,0.5226025390625,0.479365234375,0.54291015625,0.454833984375,8.175252466201782,inf,0.0002
5300,2.935613694190979,0.8079703587293625,0.7027813494205475,0.17810774713754654,1.794203758239746,0.6681576323509216,0.6251052176952362,0.5254833984375,0.479033203125,0.552177734375,0.4416748046875,9.17614007949829,6.610580101013183,0.0002
5350,2.969656810760498,0.7802887284755706,0.707829018831253,0.18519238263368606,1.3114335536956787,0.6747640943527222,0.6481284648180008,0.516162109375,0.481181640625,0.54396484375,0.45451171875,8.598861484527587,6.114460673332214,0.0002
5400,3.0149292087554933,0.7904041504859924,0.7631637227535247,0.1826701694726944,1.4479905366897583,0.6453584516048432,0.6214325952529908,0.5378076171875,0.46169921875,0.5543212890625,0.44673828125,9.915781078338624,6.131785597801208,0.0002
5450,2.9665612173080445,0.8258133804798127,0.7369682800769806,0.17547244399785997,1.7665176391601562,0.6506372451782226,0.6238939130306244,0.5316015625,0.463447265625,0.55876953125,0.4415283203125,9.424647855758668,6.714054040908813,0.0002
5500,2.9144247245788573,0.7697806930541993,0.7117047947645188,0.17911740601062776,1.6632308959960938,0.6755024695396423,0.6208398282527924,0.5255712890625,0.481015625,0.5546240234375,0.4427099609375,8.699509038925171,6.610090951919556,0.0002
5550,2.9741370058059693,0.8087027716636658,0.7090639418363571,0.1820462876558304,1.5416226387023926,0.6695937812328339,0.6729030150175095,0.5233056640625,0.4738427734375,0.5384619140625,0.45763671875,8.762325582504273,6.744044303894043,0.0002
5600,2.8853466844558717,0.7608487898111344,0.7446920514106751,0.17247573018074036,1.3407013416290283,0.6814785838127136,0.661978343129158,0.514375,0.4762548828125,0.544326171875,0.460341796875,9.673299469947814,7.069025964736938,0.0002
5650,2.926568183898926,0.8000132137537003,0.70739661693573,0.1773947958648205,1.6804534196853638,0.6838056075572968,0.6181640827655792,0.51794921875,0.4888671875,0.556982421875,0.4463623046875,9.175375928878784,5.986352739334106,0.0002
5700,2.8606001138687134,0.758698313832283,0.7145326662063599,0.17342114329338074,1.315137505531311,0.6734630954265595,0.6461424601078033,0.51775390625,0.47765625,0.5486328125,0.4570947265625,7.706354398727417,6.284544763565063,0.0002
5750,2.8191582202911376,0.7494573783874512,0.7070381611585617,0.17033283412456512,1.3527913093566895,0.6688233315944672,0.6664915442466736,0.5197607421875,0.4774755859375,0.534208984375,0.4712060546875,8.962069969177247,5.987804732322693,0.0002
5800,2.9649394035339354,0.8117738604545593,0.6959136945009231,0.18215648025274278,1.7335599660873413,0.6631047475337982,0.6015492075681687,0.52427734375,0.4701806640625,0.561611328125,0.4241748046875,9.082577600479127,6.08867223739624,0.0002
5850,2.933581657409668,0.7854143762588501,0.7139135801792145,0.17928171247243882,1.0496647357940674,0.667223466038704,0.6331797343492508,0.5216162109375,0.46465087890625,0.5571630859375,0.4503662109375,10.146505699157714,7.15151385307312,0.0002
5900,2.8700603914260863,0.7697805368900299,0.7137279659509659,0.17331898540258409,1.339347004890442,0.6639734280109405,0.6436576217412948,0.5346630859375,0.471328125,0.5506005859375,0.4482177734375,9.130739779472352,7.07495753288269,0.0002
5950,2.960826530456543,0.7861586391925812,0.7261960554122925,0.18105898201465606,2.0402469635009766,0.6636087846755981,0.6314928597211837,0.528134765625,0.4779248046875,0.546298828125,0.445703125,8.884407787322997,6.613947329521179,0.0002
6000,2.9762620544433593,0.8561541068553925,0.7161813843250274,0.1754908213019371,1.2858792543411255,0.6678780388832092,0.6185800558328629,0.5282666015625,0.4698095703125,0.5563916015625,0.4348974609375,10.101320219039916,6.869167737960815,0.0002
6050,2.9009105730056763,0.8167109173536301,0.6864179569482803,0.17472271472215653,1.5562903881072998,0.6686894524097443,0.6387105882167816,0.527998046875,0.4746044921875,0.54990234375,0.44591796875,10.322482471466065,7.019552459716797,0.0002
6100,2.8153228998184203,0.7168348211050034,0.7026722013950348,0.17447698310017587,1.749925136566162,0.6761160326004029,0.6620313596725463,0.519970703125,0.47984375,0.5437939453125,0.4683349609375,9.371808729171754,6.575838098526001,0.0002
6150,2.886088080406189,0.8315962594747544,0.692102752327919,0.17029863297939302,1.6564397811889648,0.6693573760986328,0.6449896800518036,0.52267578125,0.4789990234375,0.5483935546875,0.4460888671875,9.694774236679077,6.751716871261596,0.0002
6200,2.903050651550293,0.733883050084114,0.7195899271965027,0.18119720846414566,1.4730528593063354,0.6469338077306748,0.6344250452518463,0.531240234375,0.4644384765625,0.5577294921875,0.45239013671875,10.898553085327148,6.493850889205933,0.0002
6250,3.018816556930542,0.8297443366050721,0.7051091712713241,0.1854953795671463,1.5866249799728394,0.6684529185295105,0.6188205403089523,0.5290283203125,0.4702197265625,0.5549609375,0.4343115234375,11.541810903549194,7.2085732650756835,0.0002
6300,2.8660664987564086,0.802073266506195,0.6996348816156387,0.1705447955429554,1.8436362743377686,0.6430046260356903,0.6278828519582749,0.5388525390625,0.4586767578125,0.55296875,0.43703125,12.725341310501099,6.9702583694458005,0.0002
6350,2.9472855138778686,0.7813686275482178,0.7669882345199585,0.17486608117818833,1.2625919580459595,0.648525350689888,0.6206522709131241,0.5335107421875,0.463740234375,0.5601708984375,0.4396044921875,12.506030988693237,7.109665021896363,0.0002
6400,2.840245022773743,0.7439297157526016,0.6880174714326859,0.17603723138570784,1.4887518882751465,0.6533931291103363,0.6465561747550964,0.538408203125,0.4680126953125,0.54421875,0.453427734375,11.73999270439148,7.969387073516845,0.0002
6450,2.9385679292678835,0.78100656747818,0.7319589102268219,0.17820030450820923,1.2581285238265991,0.6626694941520691,0.6203680092096329,0.5290185546875,0.4721044921875,0.5738330078125,0.4386181640625,11.351246519088745,7.929829959869385,0.0002
6500,2.8248440074920653,0.7345215439796448,0.7274209415912628,0.1703626884520054,1.4011750221252441,0.6647657871246337,0.6643183070421219,0.524052734375,0.4680859375,0.5299462890625,0.459306640625,11.320502452850342,7.223900995254517,0.0002
6550,2.9429459953308106,0.7795992487668991,0.7225388342142105,0.1801009866595268,1.820650577545166,0.6409188055992127,0.6459977161884308,0.5412939453125,0.45763916015625,0.5534521484375,0.4453076171875,14.616520013809204,8.389399547576904,0.0002
6600,2.8863776683807374,0.7623152226209641,0.6889402168989182,0.1793902787566185,1.3574974536895752,0.642917817234993,0.6312374144792556,0.5398583984375,0.4499267578125,0.551455078125,0.44833984375,12.646931991577148,7.322928056716919,0.0002
6650,2.9344275426864623,0.8116555166244507,0.7099949264526367,0.17659713745117187,1.6677250862121582,0.6356679278612137,0.609660587310791,0.5506982421875,0.4553759765625,0.56562744140625,0.4295361328125,14.974492540359497,7.726816530227661,0.0002
6700,2.8960962438583375,0.7815998125076294,0.7134584933519363,0.1751297417283058,1.3920756578445435,0.6507473629713059,0.6527399218082428,0.53498046875,0.4584375,0.532666015625,0.4482861328125,15.709539604187011,8.227075614929198,0.0002
6750,2.9354985094070436,0.7650602048635483,0.7542334133386612,0.17702561169862746,1.707883596420288,0.6637917584180832,0.6359715741872788,0.5294287109375,0.47142578125,0.561640625,0.4561767578125,14.011824865341186,inf,0.0002
6800,3.104828052520752,0.8387523019313812,0.7870621931552887,0.18487669557332992,1.314898133277893,0.618132193684578,0.6460150116682053,0.554599609375,0.440966796875,0.5471533203125,0.452060546875,inf,8.38648980140686,0.0002
6850,3.0790208530426026,0.8214002752304077,0.7991717493534088,0.18230610489845275,1.4581246376037598,0.6237390697002411,0.6305160808563233,0.55962890625,0.4471875,0.5532177734375,0.44154296875,19.338461608886718,8.116323823928832,0.0002
6900,3.0099430322647094,0.8361740952730179,0.7756794607639312,0.17476118355989456,1.4474198818206787,0.6501957142353058,0.6246785545349121,0.5408935546875,0.460712890625,0.5606689453125,0.43867431640625,18.887761402130128,8.203758840560914,0.0002
6950,3.0363709115982056,0.8906530290842056,0.7363532191514969,0.17617058247327805,1.5718002319335938,0.6108897155523301,0.5949768823385239,0.558955078125,0.43287841796875,0.5771044921875,0.42159912109375,17.497663860321044,8.840846309661865,0.0002
7000,2.8919712138175964,0.7992728269100189,0.7068135291337967,0.17323560893535614,1.5377988815307617,0.6419415229558945,0.6208289366960525,0.5483935546875,0.4553271484375,0.56396484375,0.4344384765625,19.92117687225342,8.384257202148438,0.0002
7050,2.9315808057785033,0.7690065801143646,0.7216787523031235,0.18011193439364434,1.3852758407592773,0.6409129226207733,0.6333806163072586,0.55234375,0.4480029296875,0.558681640625,0.4497607421875,21.420238380432128,9.84319001197815,0.0002
7100,3.0808534955978395,0.8590547174215317,0.7743532902002335,0.1809306874871254,1.500514268875122,0.6437116843461991,0.6352536153793334,0.5450634765625,0.4547509765625,0.5540966796875,0.4467919921875,22.54392484664917,9.126911277770995,0.0002
7150,2.9631832218170167,0.8204366332292556,0.7312869441509247,0.17643245339393615,1.4532115459442139,0.6408596867322922,0.6464488214254379,0.548017578125,0.45434326171875,0.5478662109375,0.448974609375,19.474359378814697,8.844444732666016,0.0002
7200,3.11763482093811,0.8396533316373825,0.7860361808538436,0.18649316236376762,1.415265440940857,0.6216188406944275,0.610386893749237,0.553720703125,0.44609375,0.5636865234375,0.4337646484375,24.583611297607423,8.563097352981567,0.0002
7250,2.9992297220230104,0.8343776679039001,0.7234023731946945,0.18018121153116226,1.2333556413650513,0.6167452222108841,0.6038732653856278,0.5628369140625,0.44167236328125,0.571337890625,0.4261279296875,23.1682279586792,9.516404151916504,0.0002
7300,2.9889940547943117,0.8053146916627884,0.8092521488666534,0.17180340155959128,1.3549494743347168,0.6138207799196244,0.6273662251234055,0.5619287109375,0.43616943359375,0.5522119140625,0.4371923828125,28.395955429077148,9.945334959030152,0.0002
7350,2.940647592544556,0.8259101474285125,0.7609128659963608,0.16922807142138482,1.3207746744155884,0.6394761592149735,0.6125531804561615,0.5525146484375,0.4510009765625,0.57443359375,0.4377734375,25.66955722808838,9.69129059791565,0.0002
7400,3.0649146366119386,0.8147343063354492,0.7702413296699524,0.18499237298965454,1.456221580505371,0.6258920288085937,0.6196284848451614,0.5579443359375,0.44747314453125,0.5576123046875,0.43812255859375,24.601912212371825,9.980131454467774,0.0002
7450,2.9469206714630127,0.8120260787010193,0.7952083706855774,0.1674607801437378,1.2432125806808472,0.6076702791452407,0.5880636358261109,0.565244140625,0.43615478515625,0.5724609375,0.4227734375,inf,9.274098329544067,0.0002
7500,3.1831133937835694,0.8921435141563415,0.8526330673694611,0.17979210123419762,2.0302844047546387,0.5974014931917191,0.5892691406607627,0.5716259765625,0.423623046875,0.57864990234375,0.41767333984375,32.87409473419189,10.65955454826355,0.0002
7550,3.2066583967208864,0.8887668031454087,0.8804863864183425,0.1796756461262703,1.5853936672210693,0.5848420280218124,0.6247044312953949,0.586552734375,0.42028076171875,0.564326171875,0.43239013671875,36.87592344284057,11.120701389312744,0.0002
7600,3.0294626808166503,0.8739165872335434,0.7673409366607666,0.17352564334869386,1.3007683753967285,0.5885687541961669,0.5999301832914352,0.5793017578125,0.40919921875,0.5759521484375,0.4253564453125,36.38858062744141,11.239628896713256,0.0002
7650,3.154881920814514,0.8441149073839188,0.8440930849313736,0.18333424121141434,1.8880921602249146,0.596497214436531,0.5906965267658234,0.586962890625,0.42263916015625,0.57697265625,0.41809326171875,41.25974224090576,11.495441570281983,0.0002
7700,3.0291848611831664,0.8423151654005051,0.7655104273557662,0.17766990900039673,1.5251195430755615,0.5894678676128388,0.5637023693323135,0.582841796875,0.407314453125,0.596552734375,0.40094482421875,38.44138801574707,12.63418146133423,0.0002
7750,3.0335024905204775,0.8541980856657028,0.7457830393314362,0.17919016897678375,1.3266608715057373,0.6377989286184311,0.6007010239362717,0.569375,0.42981689453125,0.585546875,0.41656005859375,37.025339889526364,13.650389127731323,0.0002
7800,3.1425412273406983,0.8884415912628174,0.8906567150354385,0.17043036550283433,1.5691605806350708,0.5889415228366852,0.5552481645345688,0.5910888671875,0.4220263671875,0.597861328125,0.40203125,42.796017246246336,11.216304960250854,0.0002
7850,3.10754638671875,0.9189977067708969,0.8099931639432907,0.17231943637132643,1.797966480255127,0.5807605189085007,0.545614877641201,0.5945556640625,0.41086181640625,0.6044287109375,0.38568115234375,41.76848098754883,12.2110125541687,0.0002
7900,3.207818446159363,0.9269621336460113,0.8160361552238464,0.1831025190651417,1.7747050523757935,0.5759965014457703,0.5647298467159271,0.5794677734375,0.41168212890625,0.5942578125,0.39939208984375,45.861746330261234,11.584764833450317,0.0002
7950,3.065697817802429,0.8961161494255065,0.7328722238540649,0.1795886778831482,1.3222615718841553,0.5940078562498092,0.5755746668577194,0.59,0.423427734375,0.5915185546875,0.40952392578125,40.00063941955566,12.048929786682129,0.0002
8000,3.0089698886871337,0.9068285542726516,0.7115816074609757,0.17381996631622315,1.1041340827941895,0.5866202372312546,0.5387555259466171,0.581171875,0.4142041015625,0.622587890625,0.390625,39.53537315368652,11.451229095458984,0.0002
8050,3.1957379007339477,0.9316826862096786,0.7444305413961411,0.18995308503508568,1.3881309032440186,0.6154990786314011,0.6210244703292847,0.5653515625,0.43149658203125,0.57057373046875,0.4116748046875,35.28035259246826,13.210852785110474,0.0002
8100,3.0563873291015624,0.8308304932713508,0.7773216360807419,0.18102939814329147,0.9680953025817871,0.5838540160655975,0.5751458576321602,0.585283203125,0.41768310546875,0.596513671875,0.3963623046875,41.273339920043945,12.079301948547362,0.0002
8150,3.1947936487197874,0.883574326634407,0.869245942234993,0.1802466744184494,1.1650984287261963,0.5686908900737763,0.6208740693330764,0.5928515625,0.39730712890625,0.57154052734375,0.4247705078125,49.088907661437986,13.393706722259521,0.0002
8200,3.0578634357452392,0.7941473251581193,0.8135661643743515,0.1812687435746193,1.972272515296936,0.5723798394203186,0.618088047504425,0.5898193359375,0.41447021484375,0.57990234375,0.43560791015625,40.54574853897095,11.70665325164795,0.0002
8250,3.0735321760177614,0.7955587780475617,0.8667333042621612,0.1764050130546093,1.1681077480316162,0.614379615187645,0.559488231241703,0.579765625,0.42070068359375,0.605146484375,0.3945458984375,45.161387062072755,13.950026874542237,0.0002
8300,3.1817382621765136,0.931176894903183,0.7741425949335098,0.18455234676599502,1.3316724300384521,0.6473982530832291,0.5915891116857529,0.56353515625,0.44963623046875,0.5817236328125,0.405771484375,37.983999462127684,13.768999900817871,0.0002
8350,3.0996733045578004,0.8449581891298295,0.7926443046331406,0.18275885045528412,1.552842140197754,0.576225283741951,0.5623201185464859,0.5893701171875,0.4128369140625,0.60326171875,0.399981689453125,44.50825927734375,12.350632104873657,0.0002
8400,3.2283765745162962,0.8629366290569306,0.9274494576454163,0.1797488108277321,1.7982510328292847,0.5656728327274323,0.5966244488954544,0.590625,0.3993505859375,0.587294921875,0.42416259765625,49.48176891326904,12.69226351737976,0.0002
8450,3.1470149183273315,0.874753497838974,0.8294504231214523,0.18035137623548508,2.0454468727111816,0.5815664571523667,0.5626983523368836,0.5906884765625,0.411463623046875,0.5975146484375,0.395546875,45.46142520904541,13.248682670593261,0.0002
8500,3.136772789955139,0.887254467010498,0.7698125910758972,0.1849632179737091,1.3438825607299805,0.5511757558584214,0.5799045020341873,0.60115234375,0.39052001953125,0.5996044921875,0.4128125,45.00650634765625,13.246500005722046,0.0002
8550,3.10879141330719,0.9738945406675339,0.7679913288354874,0.17086319565773012,1.625422477722168,0.5642482727766037,0.5686273497343063,0.59958740234375,0.40170166015625,0.594345703125,0.40793701171875,53.98662624359131,14.152713575363158,0.0002
8600,3.315718159675598,0.9108452427387238,0.9036301016807556,0.18765535116195678,1.9202075004577637,0.5528523254394532,0.597982143163681,0.604814453125,0.39808349609375,0.593125,0.4130078125,62.46963542938232,15.171870441436768,0.0002
8650,3.1968766021728516,0.9028826260566711,0.8777629977464676,0.1770288696885109,1.5194579362869263,0.5695625615119934,0.5625784838199616,0.601845703125,0.3984130859375,0.5944775390625,0.387412109375,57.15107234954834,14.969778728485107,0.0002
8700,3.283744258880615,0.9253930485248566,0.9313424783945083,0.17837609142065047,1.6947298049926758,0.5712634366750717,0.5689577186107635,0.60166259765625,0.40162109375,0.605400390625,0.40245849609375,inf,15.05703185081482,0.0002
8750,3.17840096950531,0.8824323743581772,0.8850785106420517,0.1763612622022629,1.4542944431304932,0.536707671880722,0.5461716201901435,0.612763671875,0.382861328125,0.61013671875,0.392294921875,60.73789234161377,14.301641016006469,0.0002
8800,3.310774955749512,0.9276910549402237,0.9396884387731552,0.18042443126440047,1.4360032081604004,0.5351252371072769,0.5811611151695252,0.61345703125,0.381322021484375,0.59748046875,0.39556884765625,65.00166980743408,inf,0.0002
8850,3.8085848665237427,0.9492082732915879,1.2802313977479935,0.19739314973354338,1.0883917808532715,0.47403075695037844,0.5205726599693299,0.6504833984375,0.34007568359375,0.62796875,0.368680419921875,89.32161651611328,15.396190948486328,0.0002
8900,3.425856375694275,0.9934426778554917,0.9593226969242096,0.18413637399673463,1.2009913921356201,0.5420866996049881,0.5516391396522522,0.6289208984375,0.379674072265625,0.609228515625,0.3890576171875,75.67181861877441,16.494360160827636,0.0002
8950,3.2307702684402466,0.8730139201879501,0.9720364546775818,0.17321498885750772,1.462810754776001,0.5025176686048508,0.558982715010643,0.641845703125,0.36091796875,0.60984375,0.397841796875,74.2737060546875,15.509179363250732,0.0002
9000,3.1931058979034423,0.8035862052440643,0.9483692622184754,0.18014380395412444,1.5572303533554077,0.5438824301958084,0.6150917619466781,0.62672607421875,0.377747802734375,0.57958984375,0.417423095703125,75.0309782409668,18.15266300201416,0.0002
9050,3.1973358678817747,0.8439680057764053,0.9387646609544754,0.17682539999485017,1.9534271955490112,0.4974424234032631,0.540192152261734,0.6421923828125,0.358316650390625,0.6180712890625,0.38383056640625,62.45504981994629,14.939994411468506,0.0002
9100,3.400252981185913,0.940585829615593,1.0191762197017669,0.18006137073040007,1.6072583198547363,0.4765070199966431,0.5987496772408485,0.666123046875,0.33712890625,0.599619140625,0.40129638671875,81.12166240692139,18.512095851898195,0.0002
9150,3.357033371925354,0.9567239743471145,0.9016546112298965,0.18733184456825255,1.1908336877822876,0.6639099711179733,0.5770558148622513,0.58139404296875,0.42619140625,0.5952783203125,0.3991552734375,71.95500732421876,21.033970699310302,0.0002
9200,3.061998543739319,0.8828009140491485,0.7849969583749771,0.17427508473396303,1.8320574760437012,0.5175627928972244,0.5714078521728516,0.6187744140625,0.36991943359375,0.59705078125,0.3998876953125,55.811503410339355,15.963130207061768,0.0002
9250,3.0772734260559083,0.8018703964352608,0.8779151785373688,0.174685979783535,1.1441597938537598,0.5239984881877899,0.601526015996933,0.6270263671875,0.37961181640625,0.5895556640625,0.4160791015625,64.28324394226074,15.716638698577881,0.0002
9300,3.170263228416443,0.8491259759664536,0.8341968387365342,0.1858675518631935,1.1045355796813965,0.5589148712158203,0.5979028391838074,0.6054345703125,0.393876953125,0.5871240234375,0.410711669921875,52.155458755493164,15.314185447692871,0.0002
9350,2.9734255409240724,0.8109436762332917,0.7411919850111007,0.17766123712062837,1.2925957441329956,0.582639815211296,0.6075454139709473,0.594921875,0.41211669921875,0.5784375,0.422138671875,50.173527565002445,16.100172748565672,0.0002
9400,3.2416287517547606,0.8388716626167297,0.8979912352561951,0.18809573322534562,1.3252015113830566,0.5787817662954331,0.594563530087471,0.6076416015625,0.40250244140625,0.58791015625,0.41537353515625,55.62861698150635,16.483077144622804,0.0002
9450,3.0973385047912596,0.8285762858390808,0.823232154250145,0.18069125786423684,1.2429505586624146,0.5554733735322952,0.5869111618399621,0.6089306640625,0.389736328125,0.5933740234375,0.402315673828125,47.54098648071289,15.392088270187378,0.0002
9500,3.5390233516693117,0.9358873197436333,1.02609801530838,0.19712975323200227,1.7513444423675537,0.4923726579546928,0.5536055356264115,0.643193359375,0.3503155517578125,0.6137841796875,0.3848388671875,73.55992706298828,15.342474946975708,0.0002
9550,3.196739687919617,0.8396419793367386,0.8619639670848847,0.1868917179107666,1.234010100364685,0.5261037316918373,0.6482240432500839,0.628935546875,0.37221923828125,0.562177734375,0.4403759765625,59.89556869506836,16.481142826080323,0.0002
9600,3.215867767333984,0.8888599854707718,0.892639787197113,0.17929599672555924,1.2346277236938477,0.5342221987247467,0.5524687153100968,0.6163037109375,0.37796142578125,0.607255859375,0.38799560546875,68.44247234344482,15.656471691131593,0.0002
9650,3.2990003633499145,0.8924873828887939,0.9615833699703217,0.18061619788408279,1.311440348625183,0.5411425483226776,0.5804582190513611,0.6244873046875,0.382386474609375,0.5982958984375,0.409599609375,inf,17.052394695281983,0.0002
9700,3.589163384437561,0.9562117904424667,1.1247337955236434,0.18852722615003586,1.3550341129302979,0.49217583894729616,0.5720153218507766,0.6580126953125,0.3516357421875,0.60653076171875,0.3973046875,85.27218814849853,16.948259506225586,0.0002
9750,3.423256869316101,0.9258465653657914,0.9766650962829589,0.19009315073490143,1.4853980541229248,0.5222242340445519,0.5661474895477295,0.6374365234375,0.3514068603515625,0.5965087890625,0.39316162109375,81.48409080505371,18.70449630737305,0.0002
9800,3.2010110664367675,0.8985300660133362,0.8258423581719398,0.1845798322558403,1.1409053802490234,0.5096669083833695,0.5869313162565232,0.6490380859375,0.358719482421875,0.6032568359375,0.405537109375,60.15049802780151,18.277005004882813,0.0002
9850,3.3244903659820557,0.8962722218036652,0.9515799582004547,0.184579775929451,1.4451271295547485,0.5472243767976761,0.5906594413518905,0.621396484375,0.377178955078125,0.594697265625,0.40768310546875,61.47891139984131,17.33016813278198,0.0002
9900,3.197258858680725,0.8544003397226334,0.8985650175809861,0.18053668797016142,1.3976986408233643,0.5590566554665566,0.6238989269733429,0.6118994140625,0.3829730224609375,0.570390625,0.42873291015625,58.76145782470703,17.56123565673828,0.0002
9950,3.379371848106384,0.8822286117076874,1.0087681955099106,0.18604687765240668,1.335300326347351,0.5450017821788787,0.57146843791008,0.628681640625,0.3788641357421875,0.6027392578125,0.39270263671875,69.11755214691162,17.98481517791748,0.0002
10000,3.236637997627258,0.849536654651165,0.9484885501861572,0.1798265990614891,1.508772611618042,0.5402486655116081,0.6032111370563507,0.6262353515625,0.379451904296875,0.5894287109375,0.42018798828125,69.21119899749756,inf,0.0002
10050,3.2134804916381836,0.8590846520662307,0.9354624235630036,0.17736667662858963,2.244749069213867,0.5384101581573486,0.5790452027320862,0.625517578125,0.38036376953125,0.593798828125,0.41221435546875,64.10153270721436,16.70041177749634,0.000199
10100,3.4019457721710205,0.9458168882131577,0.9828365677595139,0.18416153907775878,1.7731847763061523,0.5080359864234925,0.5627523398399353,0.64561767578125,0.356729736328125,0.59976806640625,0.38835693359375,63.7848397064209,17.496432456970215,0.00019800000000000002
10150,3.151151638031006,0.8674906969070435,0.8657197839021683,0.17724264547228813,1.9783306121826172,0.5583191472291946,0.5522833645343781,0.609033203125,0.383465576171875,0.6081494140625,0.3971337890625,61.92298233032226,17.924573211669923,0.00019700000000000002
10200,3.209943313598633,0.9232413363456726,0.868342689871788,0.17729491055011748,1.49806547164917,0.5453000754117966,0.5630164569616318,0.62177734375,0.38672119140625,0.598779296875,0.393912353515625,60.98153171539307,18.156220149993896,0.000196
10250,3.200771894454956,0.8655603498220443,0.8711271196603775,0.1830105549097061,1.4627833366394043,0.4869931223988533,0.5965666502714158,0.650751953125,0.352208251953125,0.5867236328125,0.414588623046875,50.24064712524414,18.344142818450926,0.000195
10300,3.4667863130569456,0.9037845355272293,1.128664919734001,0.17929210573434828,1.3024876117706299,0.5065976417064667,0.5696842902898789,0.6411279296875,0.351507568359375,0.6035400390625,0.39479736328125,102.59002410888672,17.66880075454712,0.000194
10350,3.3259717273712157,0.8920637112855911,0.9635077786445617,0.183800028860569,1.8697479963302612,0.5257823127508163,0.571606348156929,0.6301220703125,0.364127197265625,0.59814453125,0.40393310546875,66.0369637298584,18.1088409614563,0.000193
10400,3.2311578702926638,0.9635238236188889,0.8278850895166397,0.17996862053871154,1.5236475467681885,0.5474709424376488,0.5545721182227135,0.6225927734375,0.39281982421875,0.612177734375,0.39237548828125,51.182985076904295,17.51064067840576,0.000192
10450,3.256177616119385,0.9210864317417145,0.8809064769744873,0.18177308529615402,2.090447425842285,0.5479836496710777,0.6069814383983612,0.63185791015625,0.380960693359375,0.5822412109375,0.41326171875,57.922994956970214,19.145110778808593,0.000191
10500,3.1323628759384157,0.8977480751276016,0.8728186392784119,0.17022452145814895,1.5928913354873657,0.523147007226944,0.5733547407388687,0.620322265625,0.36919677734375,0.59197509765625,0.401748046875,51.12026275634766,15.792984943389893,0.00019
10550,3.534925632476807,0.9627465707063675,1.0997069895267486,0.18405901193618773,1.4133081436157227,0.5409991246461868,0.607321853339672,0.6294189453125,0.370518798828125,0.60438720703125,0.402587890625,87.77993221282959,20.416675357818605,0.00018899999999999999
10600,3.414528737068176,0.8770466876029969,1.0418576914072037,0.1869530463218689,1.7693061828613281,0.43111590534448624,0.5606964924931526,0.6905224609375,0.3185430908203125,0.6061474609375,0.388388671875,79.79346599578858,16.92827091217041,0.000188
10650,3.338767261505127,0.9214227962493896,0.9736631473898888,0.18046016424894332,1.9267818927764893,0.47845475643873214,0.5922483593225479,0.6566943359375,0.33531982421875,0.59212890625,0.4067822265625,84.89002422332764,19.3168004989624,0.00018700000000000002
10700,3.250441927909851,0.8800455302000045,0.9628786951303482,0.17593971520662308,1.4891760349273682,0.4881517857313156,0.5704271388053894,0.6593896484375,0.34675537109375,0.6001318359375,0.404384765625,76.40537811279297,17.89441623687744,0.000186
10750,3.188402323722839,0.9754986861348152,0.8328899973630906,0.17250170722603797,1.3017182350158691,0.5219978910684585,0.5330736601352691,0.6412109375,0.3576336669921875,0.624833984375,0.37742919921875,61.23244041442871,20.15065975189209,0.00018500000000000002
10800,3.5171803712844847,0.9732648193836212,1.0339687728881837,0.18874334573745727,1.4425561428070068,0.4825948840379715,0.5862876230478287,0.65400390625,0.35586181640625,0.58265625,0.402137451171875,84.19137176513672,18.93499792098999,0.00018400000000000003
10850,3.1191853713989257,0.8373918771743775,0.9079871892929077,0.17172578871250152,1.8718594312667847,0.5337017416954041,0.5997005212306976,0.6328662109375,0.364500732421875,0.583916015625,0.4173046875,58.36094989776611,19.76331964492798,0.000183
10900,3.1609686422348022,0.8793502449989319,0.8549221813678741,0.17833702832460405,1.4308221340179443,0.5125199326872826,0.5704913699626922,0.6545263671875,0.37009765625,0.5989111328125,0.39812744140625,65.62209232330322,18.800500659942628,0.000182
10950,3.3985387825965883,0.9384790930151939,1.0163372677564622,0.1804653039574623,1.559382677078247,0.4949531754851341,0.5755344885587692,0.6476708984375,0.3500115966796875,0.6000048828125,0.4059326171875,75.25835372924804,19.84660541534424,0.000181
11000,3.241883187294006,0.9021572935581207,0.8926857805252075,0.18088001102209092,1.2586908340454102,0.5270071637630462,0.5855214899778366,0.6262353515625,0.36278076171875,0.5891455078125,0.40069091796875,73.5538173675537,19.153089580535887,0.00018
11050,3.5563156366348267,0.9654139572381973,1.0723338800668716,0.18982097312808036,1.1521618366241455,0.47657796323299406,0.5485609439015389,0.6584130859375,0.344461669921875,0.61582763671875,0.38241455078125,94.79013439178466,18.145650024414063,0.00017900000000000001
11100,3.31061119556427,0.9195655220746994,0.9434661310911179,0.18094744086265563,1.1631033420562744,0.4879345589876175,0.5731153243780136,0.6565771484375,0.34912109375,0.6029248046875,0.40568603515625,77.21973365783691,19.676121883392334,0.00017800000000000002
11150,3.33517418384552,0.9615946310758591,0.946491587460041,0.17838599622249604,1.378265380859375,0.5015200018882752,0.5643816792964935,0.6504150390625,0.3512255859375,0.6046630859375,0.3974365234375,54.08083251953125,19.916399192810058,0.00017700000000000002
11200,3.374352035522461,0.8844963890314103,1.0211771780252457,0.18358480900526047,1.8803706169128418,0.5043612885475158,0.511154043674469,0.64424560546875,0.350185546875,0.632939453125,0.372021484375,54.874787406921385,19.559707984924316,0.00017600000000000002
11250,3.177276692390442,0.8661732429265976,0.8766191154718399,0.17931054174900055,1.7742451429367065,0.5229839804768562,0.5768639171123504,0.6466455078125,0.3668988037109375,0.600185546875,0.390830078125,59.60412696838379,19.895522384643556,0.000175
11300,3.3644238996505735,0.9119979912042617,0.9840194749832153,0.18355080232024193,1.8042982816696167,0.5097937636077404,0.571627767086029,0.6478271484375,0.351309814453125,0.6048388671875,0.40529296875,72.57233158111572,20.282873649597168,0.000174
11350,3.4200472450256347,0.953772993683815,0.9799989786744118,0.1857844063639641,1.6905901432037354,0.5372068893909454,0.5408315920829773,0.6334375,0.37411376953125,0.61306884765625,0.3808544921875,68.63458034515381,19.536469287872315,0.000173
11400,3.2153622102737427,0.9198539614677429,0.8767628920078278,0.17734317034482955,2.1402788162231445,0.5423051261901856,0.549934309720993,0.6212890625,0.373294677734375,0.615009765625,0.38665283203125,65.24784908294677,20.44310718536377,0.000172
11450,3.2171130084991457,0.9123251062631607,0.9071150088310241,0.17470911085605623,1.2121009826660156,0.5074966740608216,0.5549291926622391,0.6456494140625,0.354962158203125,0.613896484375,0.38378662109375,65.99110725402832,19.6159246635437,0.000171
11500,3.1307616519927977,0.8799593859910965,0.8461139476299286,0.17558604210615159,1.7645145654678345,0.5554720160365104,0.6074004882574081,0.62320068359375,0.3819049072265625,0.5848681640625,0.41750732421875,55.57541465759277,21.737702655792237,0.00017
11550,3.2973424053192137,0.9232528305053711,0.9209304362535476,0.18164489060640335,1.475165605545044,0.5308048272132874,0.5502627348899841,0.6350927734375,0.3716009521484375,0.6134326171875,0.39040771484375,70.65614791870117,20.432176456451415,0.00016900000000000002
11600,3.354821662902832,0.9662830996513366,0.9462446707487107,0.1802867352962494,1.371160626411438,0.5236449682712555,0.5495031523704529,0.6262890625,0.366064453125,0.60814208984375,0.3808544921875,73.2790625,19.93930076599121,0.000168
11650,3.3859348249435426,0.9240636038780212,1.0146256494522095,0.18090569466352463,1.9425350427627563,0.5035973536968231,0.5419524031877517,0.6431640625,0.35859130859375,0.6239697265625,0.39086669921875,56.10035835266113,18.631692810058595,0.000167
11700,3.184632830619812,0.8886267572641373,0.9065222918987275,0.1736854737997055,1.3882991075515747,0.5628719878196716,0.5943294405937195,0.61759521484375,0.38322265625,0.58216796875,0.39984130859375,inf,22.46318836212158,0.000166
11750,3.2350524854660034,0.9119692498445511,0.9087814050912857,0.17678773134946824,2.0891904830932617,0.528522276878357,0.5486392772197723,0.6352001953125,0.37535888671875,0.612802734375,0.39530517578125,59.110528526306155,19.866999607086182,0.000165
11800,3.174285650253296,0.9038226211071014,0.9282189989089966,0.16778050780296325,1.462713599205017,0.5665703183412552,0.5348331713676453,0.61446044921875,0.377523193359375,0.618681640625,0.37837646484375,47.53678653717041,21.456436576843263,0.00016400000000000003
11850,3.254727168083191,0.91908116877079,0.940597203373909,0.17438110023736952,1.9523988962173462,0.546646574139595,0.5527270284295082,0.6280126953125,0.387896728515625,0.624052734375,0.39196044921875,47.219543266296384,20.56025430679321,0.000163
11900,3.442471160888672,1.0380681934952736,0.9209472149610519,0.18543196886777877,1.617409586906433,0.5445808807015419,0.5274324128031731,0.6165185546875,0.37113525390625,0.6324072265625,0.3526416015625,55.32121776580811,21.122613067626954,0.000162
11950,3.16836256980896,0.8629104799032211,0.8450933748483658,0.1825448402762413,1.197417974472046,0.5101491740345955,0.5539309322834015,0.63517578125,0.36382568359375,0.6091357421875,0.383653564453125,51.55928123474121,19.640240364074707,0.00016099999999999998
12000,3.1091673374176025,0.8089544332027435,0.8783132547140121,0.17773745566606522,1.1797479391098022,0.545546544790268,0.5784275567531586,0.6158056640625,0.378765869140625,0.6058056640625,0.41023193359375,48.17209079742432,inf,0.00016
12050,3.331726379394531,0.9109941047430038,0.9813395881652832,0.1799240852892399,1.5550920963287354,0.49160135895013807,0.5529931807518005,0.6508740234375,0.35730224609375,0.6103515625,0.38799560546875,63.838137512207034,19.323360204696655,0.00015900000000000002
12100,3.239637780189514,0.8890668666362762,0.8995617488026619,0.18137614488601683,2.059610366821289,0.5002336570620537,0.5514841681718826,0.644287109375,0.35077392578125,0.619267578125,0.389708251953125,68.82325370788574,20.719848918914796,0.00015800000000000002
12150,3.3446615743637085,0.9763043677806854,0.9196483194828033,0.1810886161029339,1.6142175197601318,0.5007611924409866,0.5574763524532318,0.653955078125,0.35018310546875,0.608880615234375,0.383603515625,62.38359462738037,20.453467845916748,0.00015700000000000002
12200,3.4571611738204955,0.9303317201137543,1.074034423828125,0.18159937739372253,1.4170926809310913,0.486481508910656,0.5588020765781403,0.667451171875,0.3456591796875,0.600810546875,0.38694580078125,67.52818382263183,20.615324802398682,0.00015600000000000002
12250,3.5212355422973634,1.041652162671089,0.9513197660446167,0.191032951772213,1.3217135667800903,0.4956068131327629,0.49279907256364824,0.6533740234375,0.3372637939453125,0.6606640625,0.352529296875,63.37376430511475,22.097536735534668,0.000155
12300,3.4069139099121095,0.9756684213876724,0.9681221234798432,0.18289041966199876,1.3769545555114746,0.5072341051697731,0.5573095187544823,0.64241943359375,0.354603271484375,0.6112939453125,0.38193115234375,51.57941493988037,21.99019021987915,0.000154
12350,3.2711909341812135,0.9418023121356964,0.9070580101013184,0.17779132694005967,1.705777645111084,0.49648665845394135,0.5458237057924271,0.6527783203125,0.36044921875,0.6173779296875,0.382647705078125,55.1938553237915,19.25101261138916,0.000153
12400,3.1994826078414915,0.8196370273828506,0.9459899973869323,0.17923194646835328,1.296800971031189,0.527592621743679,0.5736558246612549,0.6352587890625,0.356710205078125,0.592802734375,0.39499755859375,70.05449775695801,19.90082347869873,0.000152
12450,3.1992180824279783,0.8923126381635665,0.9347289949655533,0.17152205526828765,1.1763267517089844,0.5394178050756454,0.566821631193161,0.627587890625,0.3729443359375,0.6079443359375,0.40347900390625,53.29633529663086,22.34235586166382,0.000151
12500,3.1593923664093015,0.9483479881286621,0.8427151417732239,0.17104115694761277,1.5661829710006714,0.4873195469379425,0.5430042535066605,0.65736328125,0.345589599609375,0.616181640625,0.3831005859375,64.57109874725342,21.4379647064209,0.00015000000000000001
12550,3.3706546449661254,1.012453412413597,0.9265736907720565,0.17895344465970994,1.982692003250122,0.5353255194425582,0.5052585500478745,0.62548828125,0.36146240234375,0.630107421875,0.36603271484375,69.18261058807373,20.78986026763916,0.00014900000000000002
12600,3.305073471069336,0.9242659473419189,0.9973769640922546,0.1729288175702095,1.4493465423583984,0.5355690759420395,0.5411982929706574,0.6293701171875,0.358782958984375,0.6201171875,0.385830078125,68.93673126220703,23.679084796905517,0.000148
12650,3.166431760787964,0.8870463699102402,0.868503919839859,0.1763601866364479,1.2389508485794067,0.5159609586000442,0.5447182911634445,0.6470849609375,0.377767333984375,0.617041015625,0.387001953125,47.32104904174805,20.946409854888916,0.000147
12700,3.2180745792388916,0.8843512317538261,0.9356797659397125,0.17475544929504394,1.5720624923706055,0.5391566705703735,0.6049891865253448,0.6160986328125,0.3727880859375,0.58861328125,0.41943115234375,53.28173572540283,21.811079502105713,0.000146
12750,3.3031445693969728,0.9443368589878083,0.9214431816339492,0.17967056572437287,1.0391359329223633,0.5437227088212967,0.5317480140924453,0.6343896484375,0.37236572265625,0.62836669921875,0.367271728515625,57.24208526611328,23.836558799743653,0.000145
12800,3.315481014251709,0.8996788948774338,0.978420278429985,0.17967273086309432,1.2657527923583984,0.535321569442749,0.5595539885759354,0.62136474609375,0.370220947265625,0.6049267578125,0.39838623046875,53.83385234832764,23.458687438964844,0.000144
12850,3.192436408996582,0.9103187251091004,0.8997242400050163,0.17279917746782303,1.1379129886627197,0.5511005049943924,0.5227651748061181,0.6206689453125,0.384736328125,0.6186572265625,0.3729736328125,60.551681938171384,19.883533039093017,0.00014300000000000003
12900,3.193709845542908,0.9164805084466934,0.9063988137245178,0.17135381534695626,1.444195032119751,0.5256565046310425,0.5460093122720718,0.632978515625,0.372193603515625,0.61384521484375,0.379141845703125,50.57217021942139,22.881090850830077,0.000142
12950,3.2830797243118286,0.9452067345380784,0.9551001769304276,0.17284660145640374,1.8909939527511597,0.5104822924733162,0.5278780597448349,0.6391650390625,0.359981689453125,0.6277294921875,0.3875341796875,53.13499008178711,22.244206924438476,0.000141
13000,3.2277885055541993,0.9816123402118683,0.9099626350402832,0.16702669024467467,1.5606977939605713,0.5477477699518204,0.5453122779726982,0.61939453125,0.380135498046875,0.61345703125,0.37743408203125,51.49786876678467,23.300666007995606,0.00014
13050,3.318617653846741,0.9987259984016419,0.9294853627681732,0.17380078941583632,0.9676711559295654,0.5667673054337502,0.5484667918086052,0.617451171875,0.38744873046875,0.6110791015625,0.39049072265625,47.46931816101074,22.08133710861206,0.00013900000000000002
13100,3.358427519798279,1.0222369903326034,0.9591890260577202,0.17212518990039827,1.4171624183654785,0.541408152282238,0.5652299925684929,0.62566650390625,0.379095458984375,0.61732177734375,0.39040771484375,54.766129150390626,23.177811641693115,0.000138
13150,3.17914297580719,0.8861752414703369,0.9382668429613114,0.16933761537075043,1.826972246170044,0.4945087376236916,0.557855742573738,0.64580078125,0.351953125,0.6157958984375,0.3943212890625,42.001490898132325,22.920441780090332,0.00013700000000000002
13200,3.4160064125061034,0.989098499417305,1.0156912660598756,0.17640207797288895,1.1449766159057617,0.5399969094991683,0.5672839480638504,0.617021484375,0.38356689453125,0.60825439453125,0.37453369140625,61.42741680145264,22.84223726272583,0.000136
13250,3.222302141189575,0.914491428732872,0.9355196392536164,0.17153638750314712,1.5214507579803467,0.522765202820301,0.5715154215693474,0.6264306640625,0.372535400390625,0.602109375,0.39922119140625,54.449885292053224,21.693507976531983,0.00013500000000000003
13300,3.5740096807479858,0.9909969112277031,1.134086892604828,0.18111573547124862,1.381115198135376,0.46731232941150663,0.5352712559700012,0.6656396484375,0.33979736328125,0.6205859375,0.38020263671875,76.70317348480225,21.561158199310302,0.000134
13350,3.4283265542984007,0.958678286075592,1.0596496152877808,0.17624983221292495,1.2935000658035278,0.4780026662349701,0.5440438994765282,0.649326171875,0.3385009765625,0.6215380859375,0.387264404296875,64.67623287200928,22.382367782592773,0.000133
13400,3.43576108455658,0.9378427946567536,0.9922809344530106,0.1882046690583229,1.3457419872283936,0.5022469672560692,0.5302552384138107,0.637998046875,0.34970947265625,0.618212890625,0.3760595703125,72.24820011138917,21.632327842712403,0.00013199999999999998
13450,3.342187523841858,0.9681956857442856,0.9444568067789078,0.17869188159704208,1.4410784244537354,0.5075448188185692,0.5168966406583786,0.64429931640625,0.366978759765625,0.6356396484375,0.369345703125,61.31906238555908,22.683477897644043,0.000131
13500,3.2059428548812865,0.844364982843399,0.9457111999392509,0.1769833344221115,1.3662440776824951,0.48640426963567734,0.5282351624965668,0.6697802734375,0.346136474609375,0.63030517578125,0.371771240234375,62.99622653961182,22.451457748413088,0.00013000000000000002
13550,3.219268755912781,0.9065456622838974,0.9403407770395279,0.17154779076576232,2.0269436836242676,0.5045925599336624,0.5293570351600647,0.6473486328125,0.355650634765625,0.620810546875,0.363778076171875,74.87914688110351,23.890206546783446,0.00012900000000000002
13600,3.380573744773865,0.9167841506004334,1.0469583958387374,0.1771039006114006,1.2899017333984375,0.5331146177649498,0.5778927302360535,0.6275537109375,0.3593603515625,0.6003369140625,0.3982861328125,67.23310459136962,24.522535858154296,0.00012800000000000002
13650,3.2612051868438723,0.9686007750034332,0.8938306501507759,0.17484672024846076,1.566508412361145,0.4688114693760872,0.5276369291543961,0.6755615234375,0.348917236328125,0.630810546875,0.37852783203125,47.482734375,inf,0.000127
13700,3.478271236419678,1.0017336744070053,1.0486537498235702,0.1784854771196842,1.4986448287963867,0.5296877443790435,0.5199498397111892,0.6305029296875,0.36800048828125,0.62609375,0.36655029296875,66.87898235321045,22.92044334411621,0.000126
13750,3.351501145362854,0.9606507954001426,0.9946569132804871,0.1745241776108742,1.3202965259552002,0.5171254116296768,0.582584083378315,0.6293505859375,0.363822021484375,0.6081591796875,0.3922998046875,inf,24.255400733947752,0.000125
13800,3.246804838180542,0.9133178275823594,0.9413045793771744,0.17402280390262603,1.26125168800354,0.49729333907365797,0.5306711342930793,0.644091796875,0.3576318359375,0.617705078125,0.3785693359375,58.21809307098388,22.2574587059021,0.000124
13850,3.350914945602417,0.9973247539997101,0.9711869096755982,0.17280041068792343,1.3071098327636719,0.5423084256052971,0.4942262426018715,0.6201318359375,0.37405517578125,0.642099609375,0.356859130859375,53.531235237121585,22.613040599822998,0.000123
13900,3.3482124853134154,0.9924949061870575,0.9683725047111511,0.1734181348979473,1.3335020542144775,0.47107146739959715,0.47941436678171157,0.6659619140625,0.349329833984375,0.64720703125,0.34546875,67.93918636322022,20.30320505142212,0.000122
13950,3.3778047370910644,0.9672722959518433,1.0046762871742247,0.17573201894760132,1.6332480907440186,0.5490313947200776,0.5023164573311806,0.6161572265625,0.38212158203125,0.64646484375,0.35801513671875,57.287976303100585,26.55250358581543,0.000121
14000,3.544185953140259,1.067456071972847,1.0476908797025681,0.17862987339496614,1.7920511960983276,0.5107245126366615,0.5368107098340988,0.6418505859375,0.36050048828125,0.618642578125,0.3712060546875,55.14052856445313,24.864048805236816,0.00012
14050,3.2805114507675173,0.9138298726081848,0.965666566491127,0.1751268781721592,1.7412443161010742,0.4907836610078812,0.5306748935580253,0.641455078125,0.348939208984375,0.6266552734375,0.3803515625,52.088508186340334,23.066220779418945,0.000119
14100,3.361409592628479,0.9237722027301788,1.0375146088004112,0.17501534730196,1.0188390016555786,0.5643409210443496,0.5782352179288864,0.621005859375,0.379757080078125,0.6001025390625,0.39373291015625,62.91887180328369,26.286254940032958,0.00011800000000000002
14150,3.3635528802871706,0.9686972117424011,1.0056228572130204,0.17365410223603248,1.5620644092559814,0.5137737268209457,0.5458226525783538,0.6340869140625,0.3645654296875,0.6140380859375,0.3908837890625,71.18693557739257,25.263003406524657,0.000117
14200,3.316662096977234,0.9890883988142014,0.913935843706131,0.17670473113656043,1.4527342319488525,0.5039453822374343,0.5247850456833839,0.6358447265625,0.35640380859375,0.6281005859375,0.37296630859375,69.99139709472657,24.00256317138672,0.00011600000000000001
14250,3.4381782627105713,0.9807650947570801,1.0810781317949294,0.17204187989234923,1.4618542194366455,0.5041590598225594,0.5644559520483017,0.651416015625,0.36707275390625,0.60637451171875,0.39696533203125,65.93886066436768,24.406280517578125,0.00011499999999999999
14300,3.3951957845687866,0.9694726008176804,1.0165964716672897,0.17614083975553513,1.5107324123382568,0.47156220242381097,0.5617675527930259,0.6610693359375,0.339222412109375,0.61224609375,0.38793701171875,50.358700332641604,23.46025100708008,0.00011400000000000002
14350,3.2937795734405517,0.9878978255391121,0.888865133523941,0.17712707534432412,1.5518455505371094,0.5387578031420708,0.540731644332409,0.62685546875,0.380137939453125,0.6248095703125,0.380733642578125,48.0757262802124,25.236785335540773,0.000113
14400,3.4253260850906373,1.0940109813213348,0.9537649542093277,0.17219376891851426,2.1434848308563232,0.5046384644508362,0.4917605409026146,0.6336279296875,0.34895751953125,0.6512744140625,0.353548583984375,60.93031322479248,26.337013664245607,0.00011200000000000001
14450,3.262999210357666,0.9448452031612397,0.9382814592123032,0.1724840694665909,1.1632137298583984,0.5627735543251038,0.54713183760643,0.6125390625,0.38816650390625,0.617412109375,0.380625,50.600785408020016,27.2222452545166,0.00011099999999999999
14500,3.4544707632064817,0.9888020521402359,1.0146304458379745,0.18137978732585908,1.4089076519012451,0.47431841492652893,0.546668609380722,0.6601123046875,0.348636474609375,0.61603515625,0.38714599609375,58.129925842285154,23.74180101394653,0.00011000000000000002
14550,3.4002376890182493,1.0112412059307099,1.0010653376579284,0.17349139153957366,1.3627392053604126,0.5034845340251922,0.5130215746164322,0.6518505859375,0.366470947265625,0.6291357421875,0.369619140625,46.090588111877445,24.788118591308592,0.00010899999999999999
14600,3.2797049570083616,0.9078763365745545,0.9855108350515366,0.17328972160816192,1.5800085067749023,0.508911562860012,0.5487205564975739,0.6292138671875,0.351962890625,0.6027099609375,0.38607421875,45.993190116882325,25.587325630187987,0.00010800000000000001
14650,3.454796481132507,0.9919469064474106,1.0607654893398284,0.1752605092525482,1.4486916065216064,0.48600185066461565,0.5371866136789322,0.6531201171875,0.35510009765625,0.62626220703125,0.37983642578125,58.17296253204346,24.393440475463866,0.00010699999999999999
14700,3.416337041854858,0.9250777614116669,1.12381527364254,0.1709304991364479,1.8296301364898682,0.4716756284236908,0.5488660663366318,0.6553076171875,0.3296435546875,0.6146533203125,0.398134765625,72.91235065460205,26.6710164642334,0.00010600000000000002
14750,3.3662140274047854,0.9744283777475357,0.9943193918466569,0.1746832835674286,1.532289981842041,0.5603357154130936,0.552801638841629,0.6106640625,0.39113525390625,0.609619140625,0.3834228515625,45.53882987976074,25.20241397857666,0.000105
14800,3.284118232727051,0.9711148118972779,0.9999047696590424,0.16413733020424842,1.593113660812378,0.48705530285835263,0.5691711586713791,0.650146484375,0.35512939453125,0.6032177734375,0.3996630859375,48.39593322753906,25.68021167755127,0.00010400000000000001
14850,3.2366207313537596,0.993052265048027,0.9232631033658981,0.16503817051649095,1.1074471473693848,0.49315050095319746,0.53124047935009,0.64556640625,0.35376953125,0.61974609375,0.37699462890625,49.53754653930664,24.81712116241455,0.00010300000000000001
14900,3.417045760154724,1.019589094519615,0.9799766939878464,0.17718499407172203,1.1961619853973389,0.5461948910355567,0.5124433553218841,0.61905517578125,0.37617431640625,0.63490234375,0.37071044921875,58.85080707550049,25.486508235931396,0.00010200000000000001
14950,3.374186429977417,0.961793093085289,1.024700402021408,0.17346161663532256,1.2510555982589722,0.5257797718048096,0.5360955283045769,0.6315966796875,0.373636474609375,0.6184228515625,0.378099365234375,64.33691509246826,26.4697513961792,0.000101
15000,3.444519362449646,0.9189409738779069,1.0918647891283035,0.1792142027616501,1.2339427471160889,0.4913220980763435,0.5374554520845414,0.643564453125,0.3410986328125,0.6291748046875,0.3849853515625,59.42055404663086,26.646259899139405,0.0001
15050,3.492576503753662,1.0831773161888123,1.0110868632793426,0.17478904217481614,1.4922277927398682,0.4736593425273895,0.5069587963819504,0.6645703125,0.351754150390625,0.6380419921875,0.355419921875,51.821295204162595,26.255199813842772,9.900000000000001e-05
15100,3.382971158027649,1.007106242775917,0.9801754242181778,0.1744611829519272,1.0756659507751465,0.5123262944817543,0.49698191225528715,0.6307080078125,0.3630780029296875,0.6455029296875,0.35124755859375,45.92278793334961,25.83836151123047,9.8e-05
15150,3.283401527404785,0.960972266793251,0.9544149798154831,0.1710017853975296,1.5554745197296143,0.5464769020676613,0.5268371802568436,0.6184326171875,0.38415771484375,0.6299072265625,0.3819384765625,48.75422771453857,27.429818439483643,9.7e-05
15200,3.128036823272705,0.8565107786655426,0.9495066791772843,0.16525242164731024,1.8219016790390015,0.5252730184793473,0.5658245259523391,0.632197265625,0.3778857421875,0.60439697265625,0.3945703125,49.75707538604736,27.18631633758545,9.6e-05
15250,3.3604779720306395,0.955220895409584,1.0500675851106644,0.1693986862897873,1.1455458402633667,0.4924841433763504,0.5288029706478119,0.65236328125,0.34324462890625,0.6227783203125,0.37563232421875,54.51410678863525,27.21265712738037,9.5e-05
15300,3.5109996461868285,1.029427129626274,1.0759307664632798,0.1757052180171013,1.5785044431686401,0.5129567047953606,0.5703371721506119,0.6337060546875,0.348599853515625,0.6016845703125,0.3912255859375,52.62176120758057,29.56018865585327,9.4e-05
15350,3.3010243129730226,1.011212832927704,0.9092794308066368,0.1725665073096752,1.2986798286437988,0.5068990349769592,0.5415255254507065,0.6489453125,0.366959228515625,0.62159912109375,0.37828857421875,54.03301223754883,27.66108051300049,9.3e-05
15400,3.34515474319458,0.9805913847684861,1.0216089242696762,0.16786930412054063,1.2619320154190063,0.5241548895835877,0.5287115001678466,0.6227734375,0.36514892578125,0.6244091796875,0.38291015625,68.99247283935547,24.78780679702759,9.2e-05
15450,3.275364556312561,0.891028419137001,0.9918146324157715,0.1740651884675026,2.0307579040527344,0.48325979977846145,0.5128975427150726,0.6478271484375,0.345062255859375,0.6303759765625,0.36640380859375,65.20146942138672,25.519146976470946,9.1e-05
15500,3.2583317255973814,0.9473368373513221,0.9621615529060363,0.16860417157411575,1.3088735342025757,0.4986605137586594,0.5062360626459121,0.6489892578125,0.366650390625,0.64221435546875,0.3687451171875,43.57325836181641,23.57873676300049,8.999999999999999e-05
15550,3.356369333267212,0.986631600856781,0.993324681520462,0.17205163091421127,1.6544119119644165,0.5116232669353485,0.5134809249639511,0.63388671875,0.3658740234375,0.6297998046875,0.370078125,52.05575342178345,26.121658401489256,8.9e-05
15600,3.4540773820877075,0.974838907122612,1.0713605511188506,0.1759847417473793,2.3301069736480713,0.47213501423597337,0.518496710062027,0.65626953125,0.34366455078125,0.62268798828125,0.355318603515625,54.70708312988281,23.505429973602293,8.8e-05
15650,3.2818488073349,0.993268774151802,0.9302726936340332,0.16978841572999953,1.591108798980713,0.4836531123518944,0.5299988228082657,0.653193359375,0.35422607421875,0.63197265625,0.3931396484375,56.30606304168701,25.41398153305054,8.700000000000001e-05
15700,3.250537323951721,0.9816867491602898,0.9051930916309356,0.17045718669891358,1.6301403045654297,0.4942623522877693,0.49038458347320557,0.6535400390625,0.357471923828125,0.64603515625,0.3553076171875,50.29507671356201,25.2866658782959,8.600000000000002e-05
15750,3.494312591552734,1.0248131132125855,1.0484301257133484,0.17763367027044297,1.4265154600143433,0.4637616440653801,0.5221606659889221,0.6621826171875,0.33560302734375,0.6220751953125,0.37016357421875,66.05114982604981,24.80523193359375,8.500000000000002e-05
15800,3.348862657546997,0.9048461571335793,1.0496643799543381,0.17429401397705077,1.2898184061050415,0.4932629406452179,0.5401995056867599,0.64552734375,0.348233642578125,0.6197021484375,0.37571533203125,54.69711883544922,28.781804542541504,8.400000000000001e-05
15850,3.3766031074523926,0.9746877968311309,1.004089327454567,0.17472824901342393,1.848667860031128,0.516324717104435,0.5472054237127304,0.6361572265625,0.36302734375,0.6145849609375,0.38716064453125,53.16352293014526,28.541925468444823,8.300000000000001e-05
15900,3.3519233083724975,0.9593159902095795,1.0345420825481415,0.16975815385580062,2.101712703704834,0.4671777045726776,0.526428085565567,0.6593603515625,0.334107666015625,0.6421337890625,0.38494873046875,62.43813423156738,27.276333866119383,8.200000000000001e-05
15950,3.349141058921814,1.017756280899048,1.0058839243650437,0.16568760693073273,1.092538833618164,0.5026628215610981,0.5367139637470245,0.64583984375,0.35847412109375,0.6047119140625,0.37560302734375,49.778015022277835,27.849795265197756,8.1e-05
16000,3.2935128307342527,0.9937032216787338,0.9538334810733795,0.1682470168173313,1.720515489578247,0.5070339569449425,0.500289904475212,0.6451318359375,0.36093994140625,0.6362939453125,0.3594921875,47.97468692779541,24.829023838043213,8e-05
16050,3.5218959283828735,1.025467455983162,1.0567702004313468,0.17995728105306624,1.3779609203338623,0.5185736349225044,0.48385493040084837,0.636640625,0.356435546875,0.65052490234375,0.3491748046875,58.0103343963623,28.26391668319702,7.900000000000001e-05
16100,3.298200874328613,0.9982447892427444,0.9729491865634918,0.16587586164474488,1.661553144454956,0.5449878764152527,0.5262281525135041,0.614638671875,0.3856787109375,0.6250732421875,0.371875,52.71150356292725,29.46688919067383,7.800000000000001e-05
16150,3.3745927572250367,0.9876814693212509,1.026488300561905,0.17005287498235702,1.3281660079956055,0.48834236204624176,0.5081471586227417,0.6430322265625,0.351044921875,0.6293994140625,0.36431884765625,51.12018363952637,inf,7.7e-05
16200,3.451123766899109,1.0158131456375121,1.0456525760889053,0.17370725244283677,1.1616467237472534,0.5191286087036133,0.5508817678689957,0.6395263671875,0.37086181640625,0.62121826171875,0.3962744140625,55.94756973266602,29.224202232360838,7.6e-05
16250,3.4969587659835817,1.0590715211629869,1.096794486641884,0.16763659477233886,1.6281026601791382,0.5056868267059326,0.49355082273483275,0.645673828125,0.35651611328125,0.6515283203125,0.351904296875,62.367066383361816,29.897115459442137,7.500000000000001e-05
16300,3.415703477859497,1.0266611552238465,1.0349804329872132,0.169257735311985,1.6092462539672852,0.48880328446626664,0.5126753121614456,0.654052734375,0.35779296875,0.62103515625,0.3645751953125,49.767630157470705,26.103864307403565,7.4e-05
16350,3.55982373714447,1.0564394402503967,1.0773673456907273,0.1782521153986454,1.5072968006134033,0.4662418782711029,0.4752203390002251,0.6506298828125,0.32687744140625,0.655732421875,0.34643310546875,50.882665100097654,28.327153816223145,7.3e-05
16400,3.3327189111709594,1.0163275718688964,0.9664014673233032,0.16874873429536819,1.5297507047653198,0.5368794167041778,0.5190343651175499,0.630615234375,0.38738525390625,0.630234375,0.36987548828125,49.19739009857178,28.679769802093507,7.2e-05
16450,3.420341787338257,1.0730356973409654,1.008825546503067,0.16731006845831872,1.3101685047149658,0.49748337000608445,0.5068199276924134,0.6484814453125,0.36438232421875,0.6351171875,0.3676025390625,47.02618377685547,26.15796142578125,7.1e-05
16500,3.572627167701721,1.0979161298274993,1.0307378500699997,0.18049664586782455,1.7522532939910889,0.4676652434468269,0.5094224026799202,0.6656103515625,0.336304931640625,0.633349609375,0.36612548828125,60.3779182434082,28.718230323791502,7e-05
16550,3.471621189117432,1.071345829963684,0.9871582540869713,0.17663963854312897,1.4591307640075684,0.496909259557724,0.5131532213091851,0.63857421875,0.352598876953125,0.63177734375,0.3608251953125,51.702054481506345,28.054013786315917,6.9e-05
16600,3.384032473564148,1.014978389143944,0.9632489591836929,0.17572564154863357,1.3257263898849487,0.5602855223417282,0.5525957489013672,0.6115185546875,0.388388671875,0.607763671875,0.387451171875,47.631930618286134,28.76164409637451,6.8e-05
16650,3.591959753036499,1.1234620106220246,1.0773850607872009,0.17388908416032792,1.7582361698150635,0.44543591886758804,0.46852108150720595,0.684794921875,0.33026123046875,0.65040283203125,0.3339404296875,66.93270328521729,25.246282424926758,6.7e-05
16700,3.550954747200012,1.0396840178966522,1.1017020416259766,0.1761960831284523,1.1561782360076904,0.48600176244974136,0.4989396858215332,0.6428857421875,0.3442333984375,0.645224609375,0.36876220703125,55.62895557403564,25.729839477539063,6.599999999999999e-05
16750,3.4297005462646486,1.014508507847786,1.0106196683645248,0.1755715450644493,1.4701954126358032,0.4631659430265427,0.5362572586536407,0.6572900390625,0.338104248046875,0.62014892578125,0.373056640625,48.961183624267576,28.299293327331544,6.5e-05
16800,3.2722532892227174,0.9581735754013061,0.9329537636041642,0.17264074146747588,1.208209753036499,0.5374860048294068,0.5220925241708756,0.618203125,0.38006103515625,0.629873046875,0.3775341796875,43.27726863861084,29.27943058013916,6.4e-05
16850,3.3824762153625487,1.015678363442421,0.9964945042133331,0.17128791630268098,0.9705629944801331,0.518390591442585,0.5197551929950714,0.6298193359375,0.37033203125,0.622109375,0.37358642578125,51.01002834320068,28.126638851165772,6.299999999999999e-05
16900,3.4497126150131225,1.036073305606842,0.9537187385559082,0.18249007284641267,1.4459446668624878,0.5072178697586059,0.5068423196673393,0.6248388671875,0.36454345703125,0.6356201171875,0.3641259765625,51.262866249084475,25.856667613983156,6.200000000000002e-05
16950,3.4387122344970704,1.0842664754390716,0.9835352355241775,0.17136381730437278,1.3545634746551514,0.47591927886009217,0.4942882323265076,0.6501171875,0.34944580078125,0.65490234375,0.3642578125,43.13300975799561,27.112894268035888,6.100000000000001e-05
17000,3.404783182144165,1.0626565870642661,0.9856718146800995,0.16955685198307038,1.423169732093811,0.48025261104106903,0.48153764963150025,0.6634033203125,0.36480712890625,0.649755859375,0.34944091796875,46.64764122009277,26.68739757537842,6.0000000000000015e-05
17050,3.6512833976745607,1.0796705770492554,1.1418276923894881,0.17872314035892486,1.8308215141296387,0.5089666971564293,0.5417403450608254,0.645546875,0.35257568359375,0.6132861328125,0.36437744140625,inf,30.070192642211914,5.900000000000001e-05
17100,3.3327614402770998,0.9436263710260391,1.0418012756109238,0.1684167230129242,1.7995226383209229,0.5319600564241409,0.554729419350624,0.622939453125,0.36281005859375,0.6259033203125,0.4002685546875,49.86110961914063,31.824357261657713,5.800000000000001e-05
17150,3.330109658241272,0.9302563393115997,1.0235207182168962,0.17204157367348671,1.5410537719726562,0.5186301079392434,0.5739899185299874,0.6331201171875,0.36786865234375,0.59657470703125,0.399306640625,49.031009635925294,31.177210159301758,5.700000000000001e-05
17200,3.564055099487305,1.081096271276474,1.0940823829174042,0.1736095567047596,1.5450868606567383,0.4751277095079422,0.4908863043785095,0.6529541015625,0.3522021484375,0.63955322265625,0.34711181640625,55.73335525512695,25.727920875549316,5.6000000000000006e-05
17250,3.4965577220916746,1.0446568557620048,1.0647045123577117,0.17339954763650894,0.7815225720405579,0.4803640004992485,0.502157119512558,0.65201171875,0.35010498046875,0.6482568359375,0.37166259765625,52.43008808135986,26.255664253234862,5.500000000000001e-05
17300,3.4461209535598756,1.0645058810710908,1.031504948735237,0.1687637634575367,1.703275442123413,0.4735038271546364,0.5370021939277649,0.648759765625,0.34477294921875,0.61459228515625,0.36829833984375,55.61157260894775,28.695149211883546,5.4000000000000005e-05
17350,3.338367805480957,1.0303594607114792,1.0098137044906617,0.16227433025836946,1.6264232397079468,0.48765546292066575,0.4940076792240143,0.6425048828125,0.35554443359375,0.6523876953125,0.3660546875,53.87057621002197,29.71464075088501,5.300000000000001e-05
17400,3.456240973472595,1.031017436981201,1.0379372656345367,0.17341078132390975,1.6565039157867432,0.489587117433548,0.5229346922039986,0.6424560546875,0.3478662109375,0.6194287109375,0.37110107421875,56.50778804779053,30.18168083190918,5.2000000000000004e-05
17450,3.635536241531372,1.0627918583154679,1.1400131899118424,0.17909140080213548,1.3431205749511719,0.4631493765115738,0.5020083323121071,0.66564453125,0.33781494140625,0.6333984375,0.36100830078125,55.38737033843994,27.80138656616211,5.1000000000000006e-05
17500,3.3193143129348757,1.048294728398323,0.9611120766401291,0.16373843863606452,1.7806236743927002,0.5046351516246795,0.5267491096258163,0.6450244140625,0.373427734375,0.62376953125,0.3828955078125,53.1328002166748,30.98516990661621,5e-05
17550,3.5309663915634157,1.12667087495327,1.0551501154899596,0.16864317730069162,1.6364235877990723,0.520874137878418,0.5136728429794312,0.6273095703125,0.3670751953125,0.634990234375,0.36604248046875,45.527384719848634,30.727236709594727,4.9e-05
17600,3.4113243198394776,1.0679434061050415,1.0033809089660644,0.16750000327825545,1.7136064767837524,0.5186757099628448,0.5153777927160264,0.6320849609375,0.3770361328125,0.620966796875,0.36672607421875,45.83201515197754,30.421085147857667,4.8e-05
17650,3.3484937572479248,0.9967179751396179,1.0103201138973237,0.16768195867538452,1.6645718812942505,0.5036721754074097,0.4995359230041504,0.6294091796875,0.3560107421875,0.64328125,0.3746484375,50.20117561340332,31.719151420593263,4.7e-05
17700,3.407032208442688,1.0646001601219177,0.960780473947525,0.17270644664764404,1.4788079261779785,0.5319024750590324,0.5330425772070885,0.6298876953125,0.38359619140625,0.6112744140625,0.37007568359375,46.33766025543213,29.4758890914917,4.6e-05
17750,3.3303738832473755,0.9707189476490021,1.015224329829216,0.1680538274347782,1.7893707752227783,0.45812239110469816,0.5236657154560089,0.661513671875,0.3376513671875,0.635791015625,0.3861328125,48.04204635620117,30.138645725250242,4.4999999999999996e-05
17800,3.628883514404297,1.091557683944702,1.1436624419689179,0.17420792400836946,2.04731822013855,0.48963995426893236,0.4795622336864471,0.642880859375,0.3521337890625,0.650791015625,0.350478515625,56.33524574279785,31.277478618621828,4.4e-05
17850,3.4993157529830934,1.0091845244169235,1.0883597165346146,0.1752214339375496,1.7434005737304688,0.4911328226327896,0.4982068946957588,0.6453369140625,0.34616455078125,0.6441650390625,0.3588037109375,50.630380134582516,29.333886051177977,4.2999999999999995e-05
17900,3.422977933883667,1.0292150223255156,1.0592681992053985,0.16681184113025666,1.2481101751327515,0.5003193587064743,0.5093072780966759,0.63767578125,0.36094970703125,0.630283203125,0.36425537109375,51.65671234130859,30.69684898376465,4.2e-05
17950,3.39400182723999,0.99016721367836,1.037318880558014,0.17081446900963784,1.2626621723175049,0.4769807350635529,0.5267748641967773,0.6391064453125,0.33736572265625,0.6319091796875,0.3786474609375,50.761336669921874,28.80535768508911,4.0999999999999994e-05
18000,3.411708126068115,1.0908800661563873,1.0166101628541946,0.16302723482251166,1.7349008321762085,0.4907794427871704,0.5251162353157998,0.643994140625,0.35937744140625,0.6194482421875,0.37660888671875,45.64770378112793,31.70537363052368,3.999999999999999e-05
18050,3.411174511909485,0.9967183601856232,1.0786724424362182,0.16697296470403672,1.781327486038208,0.45128208726644514,0.4960650259256363,0.6750244140625,0.346173095703125,0.6342724609375,0.36111328125,48.87414566040039,29.300735931396485,3.899999999999999e-05
18100,3.515496778488159,1.0925150328874589,1.0584259742498399,0.17056947350502014,1.6185295581817627,0.5224366450309753,0.5233034840226174,0.637490234375,0.37323974609375,0.6258544921875,0.3679541015625,51.365702056884764,32.390432472229,3.799999999999999e-05
18150,3.5796539211273193,1.0279828387498855,1.141297047138214,0.17629675567150116,1.0869994163513184,0.478434219956398,0.5028315031528473,0.643115234375,0.3457373046875,0.6371728515625,0.36986083984375,56.52840522766113,27.57361499786377,3.700000000000001e-05
18200,3.5030048751831053,1.058061220049858,1.1047391271591187,0.16752556189894677,1.2593071460723877,0.505382396876812,0.5117333817481995,0.6332666015625,0.36207763671875,0.635966796875,0.37394287109375,51.189078674316406,29.27414873123169,3.6000000000000014e-05
18250,3.5120992040634156,1.058157439827919,1.0584322011470795,0.17443869680166244,1.4850358963012695,0.46285048246383664,0.5047911989688874,0.6698193359375,0.34474365234375,0.631865234375,0.365888671875,43.99491024017334,28.090846939086916,3.500000000000001e-05
18300,3.494422197341919,1.0806476724147798,1.047065533399582,0.17083862096071242,1.2527599334716797,0.4960258972644806,0.4860933643579483,0.6495556640625,0.36212890625,0.6486572265625,0.3577099609375,45.40536151885986,28.072826824188233,3.4000000000000007e-05
18350,3.507102665901184,1.0620382559299468,1.0821974170207977,0.17035837352275848,1.3721840381622314,0.49775348126888275,0.47522583842277527,0.6323876953125,0.35001708984375,0.6540673828125,0.3559423828125,45.545267295837405,27.007194366455078,3.300000000000001e-05
18400,3.3597288799285887,1.0570553433895111,1.0280162131786346,0.15933216795325278,1.3979865312576294,0.5285261082649231,0.4910992783308029,0.62373046875,0.38289306640625,0.6291259765625,0.349130859375,38.98348434448242,30.680505409240723,3.2000000000000005e-05
18450,3.434652986526489,1.0463417279720306,1.029577996134758,0.1698416578769684,1.6495708227157593,0.5013892334699631,0.5148976594209671,0.6328173828125,0.3617431640625,0.6233837890625,0.3732275390625,44.37264965057373,30.350666160583497,3.100000000000001e-05
18500,3.318239459991455,1.009352637529373,0.9638241815567017,0.16813282921910286,1.457463026046753,0.5239698410034179,0.5347612184286118,0.639169921875,0.3883837890625,0.6213037109375,0.389775390625,40.422937889099124,30.10355386734009,3.0000000000000008e-05
18550,3.5162005281448363,1.0830557429790497,1.063854684829712,0.1711612656712532,2.2064831256866455,0.49406193912029267,0.4950168526172638,0.631650390625,0.35041015625,0.632978515625,0.35389404296875,47.251345825195315,28.04210569381714,2.9000000000000004e-05
18600,3.568947739601135,1.075798865556717,1.0890592706203461,0.17551120042800902,1.5271377563476562,0.4887469807267189,0.5208200058341026,0.653896484375,0.36148193359375,0.620615234375,0.376396484375,49.89190437316895,33.62215145111084,2.8000000000000003e-05
18650,3.311039161682129,0.8910842514038086,1.0923603034019471,0.16594932556152345,1.244154930114746,0.5133325561881066,0.5320143193006516,0.607744140625,0.3532861328125,0.6294580078125,0.3989306640625,49.80482231140137,33.85099586486817,2.7000000000000002e-05
18700,3.4346906757354736,1.1084274566173553,0.9946653532981873,0.16644973337650298,1.3820186853408813,0.5172364056110382,0.49926170259714125,0.6328466796875,0.37570556640625,0.628564453125,0.35730224609375,41.57359085083008,34.43913803100586,2.6000000000000002e-05
18750,3.4981423807144165,1.0888061207532882,1.0375688457489014,0.17147092491388322,1.3817287683486938,0.515643399655819,0.4778689906001091,0.6344921875,0.37829345703125,0.6542626953125,0.3568212890625,41.502988967895504,30.53626781463623,2.5e-05
18800,3.379094195365906,1.0781216287612916,0.9948129540681839,0.16326995000243186,1.420295238494873,0.5221292886137963,0.5285017138719559,0.6289013671875,0.38666259765625,0.6184326171875,0.37134765625,42.03623054504394,31.875608043670653,2.4e-05
18850,3.6657869386672974,1.1448788112401962,1.1185557818412781,0.1752940434217453,1.5456874370574951,0.45768160343170167,0.5217590928077698,0.658984375,0.3360546875,0.6167724609375,0.37385498046875,46.953418197631834,27.943861465454102,2.3e-05
18900,3.4415043878555296,1.1057644772529602,1.0018934154510497,0.16673080876469612,1.4458192586898804,0.5355550652742386,0.4569693958759308,0.6166357421875,0.38343994140625,0.671103515625,0.3512353515625,43.19656284332275,inf,2.2e-05
18950,3.5268105411529542,1.0465119540691377,1.0772836649417876,0.17537686437368394,1.4175901412963867,0.5011037850379944,0.5047719845175743,0.6279736328125,0.36193115234375,0.631669921875,0.36080810546875,46.894228057861326,28.97708284378052,2.1e-05
19000,3.4508412981033327,1.0462499749660492,1.0484902775287628,0.16951262906193734,1.2685606479644775,0.5269694060087204,0.4812737447023392,0.6283056640625,0.384501953125,0.65212890625,0.36235107421875,43.26779445648194,27.9385778427124,1.9999999999999995e-05
19050,3.490705842971802,1.0420939010381698,1.080266307592392,0.1710432018339634,0.9687936305999756,0.5115426111221314,0.5149459436535835,0.620595703125,0.36488037109375,0.6178369140625,0.35803955078125,45.12224052429199,33.358992652893065,1.8999999999999994e-05
19100,3.5321810913085936,1.1031220686435699,1.060675138235092,0.17104798659682274,1.6755549907684326,0.4994033643603325,0.4879689100384712,0.6480712890625,0.3710986328125,0.64283203125,0.36611572265625,41.877339401245116,29.822906646728516,1.7999999999999994e-05
19150,3.5052772521972657,1.059169088602066,1.0958562409877777,0.16878148823976516,1.722456932067871,0.4880162853002548,0.50595402687788,0.6365673828125,0.35627685546875,0.6374267578125,0.37156005859375,47.49093830108642,27.953920707702636,1.6999999999999993e-05
19200,3.5320362663269043,1.0991855710744858,1.083842499256134,0.16862602278590202,1.3672422170639038,0.486111940741539,0.4875176024436951,0.6418701171875,0.3566064453125,0.6425146484375,0.35688232421875,41.601240730285646,28.41925691604614,1.5999999999999992e-05
19250,3.5282467889785765,1.11082745552063,1.0693677532672883,0.1685064472258091,1.713531732559204,0.5116194593906402,0.5296320796012879,0.6213037109375,0.3704443359375,0.601025390625,0.36768798828125,38.41107883453369,30.691826248168944,1.4999999999999992e-05
19300,3.4734550142288207,1.1261352050304412,0.9960159754753113,0.16891298025846482,1.76675283908844,0.4887159788608551,0.4723655876517296,0.6601318359375,0.376494140625,0.65419921875,0.35523193359375,39.7385941696167,30.707835216522216,1.3999999999999991e-05
19350,3.477835245132446,1.080091973543167,1.0787876212596894,0.1648694559931755,1.164698600769043,0.5370425507426262,0.4763716059923172,0.6104248046875,0.37424072265625,0.66732666015625,0.3670849609375,41.573192749023434,30.929424667358397,1.299999999999999e-05
19400,3.649312801361084,1.1180586564540862,1.088655508160591,0.18032483369112015,1.5102269649505615,0.5004292637109756,0.4884351077675819,0.63466796875,0.363994140625,0.6365869140625,0.34984619140625,40.5585005569458,30.231448287963868,1.200000000000001e-05
19450,3.601427631378174,1.1048633688688279,1.1021834564208985,0.17429759919643403,1.6598353385925293,0.4560318648815155,0.4905222588777542,0.682548828125,0.35470458984375,0.63185546875,0.35251220703125,43.048805770874026,29.862469482421876,1.100000000000001e-05
19500,3.4179677534103394,1.0074342226982116,1.067223094701767,0.16791380554437638,1.3916118144989014,0.5125139045715332,0.5328524395823478,0.62232421875,0.364521484375,0.6081201171875,0.37456787109375,42.2903929901123,30.023642578125,1.000000000000001e-05
19550,3.521521577835083,1.043712055683136,1.1109450662136078,0.17085805729031564,1.3200407028198242,0.4974744349718094,0.5041794222593308,0.6277783203125,0.352236328125,0.6422119140625,0.3800634765625,43.87501842498779,27.70176170349121,9.000000000000009e-06
19600,3.60680299282074,1.049666358232498,1.1462495625019073,0.17636088609695436,1.3014329671859741,0.476595830321312,0.5181572383642197,0.6520654296875,0.35066162109375,0.6161572265625,0.3669482421875,44.0413427734375,27.828877449035645,8.000000000000008e-06
19650,3.5101728105545043,1.0491669005155564,1.1073619657754898,0.16920549616217614,1.8491050004959106,0.487451559305191,0.5096559143066406,0.6449560546875,0.3540185546875,0.6333447265625,0.37501953125,40.92864643096924,29.697734336853028,7.000000000000007e-06
19700,3.64254891872406,1.136753249168396,1.1452076876163482,0.17007350131869317,1.0562119483947754,0.5037866079807282,0.4809470668435097,0.6278173828125,0.3685205078125,0.6534375,0.3647509765625,40.1720015335083,27.753858375549317,6.000000000000005e-06
19750,3.436155414581299,1.108294289112091,1.065901778936386,0.1577449171245098,1.656927466392517,0.5214763420820236,0.5000339579582215,0.5988720703125,0.36251708984375,0.626328125,0.3585205078125,40.83088493347168,28.871462173461914,5.000000000000005e-06
19800,3.4807718992233276,1.0705871844291688,1.1095165503025055,0.16258352130651474,1.1890223026275635,0.48193181097507476,0.479819278717041,0.638349609375,0.3568408203125,0.656875,0.3691064453125,39.304648361206056,26.561703567504882,4.000000000000004e-06
19850,3.4700451946258544,1.0500286090373994,1.0811499559879303,0.16735832810401916,1.3016455173492432,0.5178370553255082,0.4911421191692352,0.6209814453125,0.3749658203125,0.63837890625,0.356240234375,40.23081157684326,30.08645351409912,3.0000000000000026e-06
19900,3.4345109367370608,1.0420977646112441,1.0565347111225127,0.16698480874300003,1.3767147064208984,0.5004151391983033,0.48869690477848055,0.630439453125,0.36703369140625,0.6570849609375,0.38026611328125,40.3040718460083,27.948120918273926,2.000000000000002e-06
19950,3.539631781578064,1.1567420184612274,1.0234650182723999,0.16992809280753135,1.563880443572998,0.48201472878456114,0.4739645156264305,0.6674169921875,0.37793701171875,0.65208984375,0.3581591796875,36.65986263275146,28.2149524307251,1.000000000000001e-06
20000,3.617306423187256,1.1815571796894073,1.0575878751277923,0.17227017343044282,1.347883701324463,0.5092431354522705,0.4873743072152138,0.640712890625,0.3824609375,0.64293212890625,0.35318115234375,37.98488338470459,29.557612800598143,0.0
