blind_id,model,input_file
4d1f0d,Poushali_Purkayastha,3c52316f14.jpg
a95cc6,Poushali_Purkayastha,52bee900da.jpg
b4326a,Poushali_Purkayastha,4b497dc591.jpg
3efd0f,Poushali_Purkayastha,907d9cf180.jpg
60ea03,Poushali_Purkayastha,174f0355a6.jpg
661739,Poushali_Purkayastha,123714f71c.jpg
36b0fb,Poushali_Purkayastha,6852f4cb2d.jpg
9dbfea,Poushali_Purkayastha,408a7ed2d4.jpg
1b9ef8,Poushali_Purkayastha,f1dbada7a5.jpg
64bbd9,Poushali_Purkayastha,8ebecab630.jpg
389e3d,Poushali_Purkayastha,af2075bcf5.jpg
bf0e6e,Poushali_Purkayastha,7d4e10f395.jpg
893774,Poushali_Purkayastha,a0ecda5d45.jpg
d5231e,Poushali_Purkayastha,43a246cd29.jpg
1a7026,Poushali_Purkayastha,45f63c2653.jpg
e656d7,Poushali_Purkayastha,f7dc666b50.jpg
155c4d,Poushali_Purkayastha,08009f0be5.jpg
250f34,Poushali_Purkayastha,11e25d3dc4.jpg
425c7e,Poushali_Purkayastha,360a1c7c80.jpg
55e487,Poushali_Purkayastha,e3997e52e9.jpg
b1ce50,Poushali_Purkayastha,44cd2a0855.jpg
cfeaad,Poushali_Purkayastha,cd697d2806.jpg
23a17a,Poushali_Purkayastha,cafbfecee1.jpg
aa7626,Poushali_Purkayastha,a0465f0aa6.jpg
02e6b7,Poushali_Purkayastha,734f9967b1.jpg
3bf7a4,Poushali_Purkayastha,1c64f657f4.jpg
c61d65,Poushali_Purkayastha,612eb28781.jpg
42d21f,Poushali_Purkayastha,0ca5b3c96a.jpg
2cdc49,Poushali_Purkayastha,710afec54e.jpg
804c70,Poushali_Purkayastha,a7ffac0edb.jpg
