blind_id,input_file,style_1to5,content_1to5,artifacts_1to5
4d1f0d,3c52316f14.jpg,4,4,3
a95cc6,52bee900da.jpg,3,3,3
b4326a,4b497dc591.jpg,5,5,5
3efd0f,907d9cf180.jpg,4,3,3
60ea03,174f0355a6.jpg,5,5,5
661739,123714f71c.jpg,5,4,4
36b0fb,6852f4cb2d.jpg,4,4,4
9dbfea,408a7ed2d4.jpg,4,4,3
1b9ef8,f1dbada7a5.jpg,4,4,3
64bbd9,8ebecab630.jpg,4,4,3
389e3d,af2075bcf5.jpg,4,4,4
bf0e6e,7d4e10f395.jpg,4,4,4
893774,a0ecda5d45.jpg,5,5,5
d5231e,43a246cd29.jpg,5,4,4
1a7026,45f63c2653.jpg,3,3,3
e656d7,f7dc666b50.jpg,5,5,4
155c4d,08009f0be5.jpg,4,4,4
250f34,11e25d3dc4.jpg,5,4,3
425c7e,360a1c7c80.jpg,5,4,4
55e487,e3997e52e9.jpg,5,4,4
b1ce50,44cd2a0855.jpg,5,5,5
cfeaad,cd697d2806.jpg,4,4,4
23a17a,cafbfecee1.jpg,3,3,3
aa7626,a0465f0aa6.jpg,5,5,5
02e6b7,734f9967b1.jpg,4,4,3
3bf7a4,1c64f657f4.jpg,4,3,3
c61d65,612eb28781.jpg,4,3,3
42d21f,0ca5b3c96a.jpg,4,3,3
2cdc49,710afec54e.jpg,4,4,3
804c70,a7ffac0edb.jpg,4,3,3
