sample,source_photo
sample_01,03d6a4d860.jpg
sample_02,05e37a8900.jpg
sample_03,09fcd10b7e.jpg
sample_04,08da1e5774.jpg
sample_05,04f72d81b0.jpg
sample_06,03242238ae.jpg
sample_07,064babb7f0.jpg
sample_08,0a1d1b9f8e.jpg
sample_09,00fcff630e.jpg
sample_10,04fa2a606d.jpg
sample_11,05c885c810.jpg
sample_12,024d98032b.jpg
sample_13,0466d4cdf9.jpg
sample_14,081955febb.jpg
sample_15,09fc404e31.jpg
sample_16,03dde7a28f.jpg
sample_17,02001e59af.jpg
sample_18,098fde2b22.jpg
sample_19,09e084658a.jpg
sample_20,08645ef69b.jpg
sample_21,05ca68299e.jpg
sample_22,0a0d3e6ea7.jpg
sample_23,01135e4771.jpg
sample_24,093e24f728.jpg
sample_25,096bae8cd9.jpg
sample_26,099159901a.jpg
sample_27,045e937903.jpg
sample_28,04b8bfdb1c.jpg
sample_29,00dcf0f1e3.jpg
sample_30,03fd7067c1.jpg
