sample,style,content,artifacts
sample_01,3,2,3
sample_02,3,3,4
sample_03,4,4,3
sample_04,4,4,4
sample_05,4,4,4
sample_06,5,5,4
sample_07,4,3,3
sample_08,3,3,2
sample_09,4,4,3
sample_10,3,3,3
sample_11,3,3,3
sample_12,4,3,3
sample_13,3,3,3
sample_14,3,3,2
sample_15,2,2,2
sample_16,4,3,3
sample_17,4,3,4
sample_18,3,3,4
sample_19,3,3,2
sample_20,3,3,3
sample_21,3,3,3
sample_22,3,3,3
sample_23,3,3,2
sample_24,3,3,2
sample_25,3,3,3
sample_26,3,3,3
sample_27,3,3,3
sample_28,4,4,3
sample_29,3,3,3
sample_30,4,4,3
