id,filename
0,2013-11-08 16_45_24.jpg
1,2013-11-10 00_51_18.jpg
2,2013-11-10 06_42_01.jpg
3,2013-11-10 07_43_23.jpg
4,2013-11-10 12_45_41.jpg
5,2013-11-10 19_30_53.jpg
6,2013-11-10 20_27_52.jpg
7,2013-11-11 06_35_27.jpg
8,2013-11-11 08_50_18.jpg
9,2013-11-11 12_10_46.jpg
10,2013-11-11 22_03_00.jpg
11,2013-11-12 01_54_20.jpg
12,2013-11-12 10_29_19.jpg
13,2013-11-12 16_58_40.jpg
14,2013-11-13 08_43_01.jpg
15,2013-11-14 01_44_20.jpg
16,2013-11-14 07_02_49.jpg
17,2013-11-14 07_04_51.jpg
18,2013-11-14 12_47_50.jpg
19,2013-11-14 14_11_02.jpg
20,2013-11-16 04_17_00.jpg
21,2013-11-17 09_05_09.jpg
22,2013-11-17 14_54_20.jpg
23,2013-11-17 16_40_10.jpg
24,2013-11-17 17_36_09.jpg
25,2013-11-17 18_08_26.jpg
26,2013-11-17 23_58_45.jpg
27,2013-11-18 02_42_31.jpg
28,2013-11-18 06_23_04.jpg
29,2013-11-18 06_58_36.jpg
30,2013-11-18 08_52_05.jpg
31,2013-11-18 11_46_45.jpg
32,2013-11-19 00_58_04.jpg
33,2013-11-19 02_11_17.jpg
34,2013-11-19 05_01_31.jpg
35,2013-11-19 22_47_07.jpg
36,2013-11-20 11_21_32.jpg
37,2013-11-20 21_53_23.jpg
38,2013-11-20 23_23_37.jpg
39,2013-11-21 01_47_41.jpg
40,2013-11-21 05_56_32.jpg
41,2013-11-21 16_49_08.jpg
42,2013-11-21 17_44_44.jpg
43,2013-11-22 14_12_35.jpg
44,2013-11-22 14_15_50.jpg
45,2013-11-23 02_19_20.jpg
46,2013-11-23 13_03_15.jpg
47,2013-11-25 01_42_17.jpg
48,2013-11-25 09_06_36.jpg
49,2013-11-25 10_46_18.jpg
50,2013-11-25 16_11_50.jpg
51,2013-11-25 20_28_30.jpg
52,2013-11-26 00_16_03.jpg
53,2013-11-26 11_00_05.jpg
54,2013-11-26 22_00_45.jpg
55,2013-11-27 08_23_33.jpg
56,2013-11-27 10_00_15.jpg
57,2013-11-28 02_41_01.jpg
58,2013-11-29 03_08_00.jpg
59,2013-11-29 08_24_15.jpg
60,2013-11-29 10_01_07.jpg
61,2013-11-29 21_00_08.jpg
62,2013-11-30 01_14_43.jpg
63,2013-11-30 10_02_05.jpg
64,2013-11-30 11_17_52.jpg
65,2013-11-30 17_09_33.jpg
66,2013-11-30 23_35_13.jpg
67,2013-12-01 01_54_08.jpg
68,2013-12-01 08_27_37.jpg
69,2013-12-01 14_25_51.jpg
70,2013-12-02 11_26_22.jpg
71,2013-12-03 03_49_49.jpg
72,2013-12-03 21_35_50.jpg
73,2013-12-04 15_07_28.jpg
74,2013-12-06 23_00_51.jpg
75,2013-12-07 01_18_10.jpg
76,2013-12-07 05_14_07.jpg
77,2013-12-07 19_24_26.jpg
78,2013-12-08 03_46_02.jpg
79,2013-12-08 12_08_38.jpg
